_key,label,split
vqnsrcmsjc.mp4,FAKE,train
lopgfogzkx.mp4,FAKE,train
vjvenrdskl.mp4,FAKE,train
mzrqflgqhm.mp4,FAKE,train
tqelzdtdqu.mp4,FAKE,train
fvydbtyobg.mp4,FAKE,train
keshjzahqd.mp4,FAKE,train
urizvuzukr.mp4,FAKE,train
svzisjojjj.mp4,FAKE,train
yojwggxziv.mp4,FAKE,train
rtnhsalwwa.mp4,FAKE,train
nlooyiqxcw.mp4,FAKE,train
hlddiefmgi.mp4,FAKE,train
hnsvivwubi.mp4,FAKE,train
yfhzqlcprv.mp4,FAKE,train
adlecsyrxv.mp4,FAKE,train
mkgijroufc.mp4,FAKE,train
hsfutddtzn.mp4,FAKE,train
aagondskwl.mp4,FAKE,train
oubbkiwxjc.mp4,FAKE,train
isaagzqmtv.mp4,FAKE,train
hvwvlssmck.mp4,FAKE,train
fvfesunwrg.mp4,FAKE,train
mzrhfooytl.mp4,REAL,train
vrreokjsvi.mp4,FAKE,train
mnuutqvnmm.mp4,FAKE,train
qcucmqepde.mp4,FAKE,train
udwdqdktao.mp4,FAKE,train
tuefpaawhm.mp4,FAKE,train
qgjbbfouho.mp4,FAKE,train
blmuqktchd.mp4,FAKE,train
gwlkwkdpov.mp4,FAKE,train
tzvimvnydj.mp4,REAL,train
nsmevaihtm.mp4,FAKE,train
pvlzulokmy.mp4,FAKE,train
kdxtrmaooh.mp4,FAKE,train
mrnemsggkq.mp4,FAKE,train
qnhaxahmnr.mp4,FAKE,train
hdspwamgxh.mp4,FAKE,train
obgtnibnrf.mp4,FAKE,train
ojqwqkcibi.mp4,FAKE,train
ebcrealkaj.mp4,FAKE,train
gcdnxoinnm.mp4,FAKE,train
irnveqlhio.mp4,FAKE,train
xkvgeehqrq.mp4,FAKE,train
edcuaolvxj.mp4,FAKE,train
frzefbsgmo.mp4,REAL,train
exybyhqsag.mp4,FAKE,train
pxrynvoctn.mp4,FAKE,train
gfassegacw.mp4,FAKE,train
tzqkxihefo.mp4,FAKE,train
ujxtmbrzxt.mp4,FAKE,train
fkcfdmlmzz.mp4,REAL,train
inbreubvej.mp4,FAKE,train
vdbepxvrql.mp4,FAKE,train
gghmemueoc.mp4,FAKE,train
erinmxmrfx.mp4,FAKE,train
qdnjnohbiy.mp4,FAKE,train
ekqeeqfzeo.mp4,FAKE,train
imcmphfsiz.mp4,FAKE,train
uqkweznhqt.mp4,FAKE,train
cabvgwttll.mp4,FAKE,train
cnhmgesyff.mp4,FAKE,train
jvioejzfxk.mp4,FAKE,train
fotgmeorfp.mp4,FAKE,train
ojuymkssiu.mp4,FAKE,train
bcblmplxod.mp4,FAKE,train
dqtdwwptpl.mp4,FAKE,train
zquacsqyqk.mp4,FAKE,train
wmpbfiemhr.mp4,FAKE,train
ffmlwfcddc.mp4,FAKE,train
xinfjvbhad.mp4,FAKE,train
bnwfyxjhth.mp4,FAKE,train
rlcsyuitlg.mp4,FAKE,train
enxjtwmtrl.mp4,FAKE,train
onagcholps.mp4,FAKE,train
tyyvblvcfi.mp4,FAKE,train
sgeyxrgpul.mp4,FAKE,train
lcemnbpexb.mp4,FAKE,train
jhiqhamnve.mp4,FAKE,train
gkzfwvyupu.mp4,FAKE,train
haipbksquw.mp4,FAKE,train
srpwbbiwby.mp4,FAKE,train
thdxqdfwix.mp4,FAKE,train
hqagqcxicm.mp4,FAKE,train
lblutuitzf.mp4,FAKE,train
vinhlcntpz.mp4,FAKE,train
umqkvkovqq.mp4,FAKE,train
xckjxglwmm.mp4,FAKE,train
zjqzgnoudk.mp4,FAKE,train
hzmsvsidas.mp4,FAKE,train
aqkbphifub.mp4,FAKE,train
jyseigrfah.mp4,FAKE,train
pmqknwnimt.mp4,FAKE,train
burmrmvkps.mp4,FAKE,train
laxtnqnnbm.mp4,FAKE,train
efvskmshjy.mp4,FAKE,train
yhtdwyutwh.mp4,FAKE,train
hennoccnfl.mp4,FAKE,train
ymnemmugtq.mp4,FAKE,train
ymwiptcyud.mp4,FAKE,train
ootymkxhwm.mp4,FAKE,train
ttnlsbcmhh.mp4,FAKE,train
monleifwyg.mp4,FAKE,train
rwbjrzjphi.mp4,REAL,train
kgrdhsqvhl.mp4,FAKE,train
xoicrtzjce.mp4,FAKE,train
miftqwsvrb.mp4,FAKE,train
ppytumgusj.mp4,FAKE,train
biplfrodhb.mp4,FAKE,train
oadwdtgvlr.mp4,FAKE,train
gteirzrqgj.mp4,FAKE,train
hiarnpazuc.mp4,FAKE,train
umblsvikcm.mp4,FAKE,train
tyqktgfvhq.mp4,FAKE,train
jkmadqmnwh.mp4,FAKE,train
ngpjamefuo.mp4,FAKE,train
bnroljkhvu.mp4,FAKE,train
oitybyvsce.mp4,FAKE,train
bolcohfmnd.mp4,FAKE,train
wqgiqcujfj.mp4,REAL,train
lhsfdajqrq.mp4,FAKE,train
dsdkmkhcaf.mp4,FAKE,train
azfzdshcgn.mp4,FAKE,train
ofhohsywlu.mp4,FAKE,train
djyrqupdes.mp4,FAKE,train
rzfmlcqlne.mp4,FAKE,train
txqkcjverp.mp4,FAKE,train
qdqfugivnx.mp4,FAKE,train
ojbinapzqz.mp4,FAKE,train
ddibmwpiuk.mp4,FAKE,train
dyhbgjmqff.mp4,FAKE,train
huecalgvcz.mp4,REAL,train
aerkmsxipq.mp4,FAKE,train
vpqazxvdno.mp4,FAKE,train
dsorrzsbsr.mp4,FAKE,train
huptbsadro.mp4,FAKE,train
lumdcytaoy.mp4,FAKE,train
zrogqfvrpk.mp4,FAKE,train
lhznzytgry.mp4,FAKE,train
xvqwcdibgj.mp4,FAKE,train
twctgyjhnt.mp4,FAKE,train
bbbmfffsad.mp4,FAKE,train
quyzfrphft.mp4,REAL,train
smkvpdrleb.mp4,FAKE,train
dyrskzsbvj.mp4,FAKE,train
kpaapikjrf.mp4,FAKE,train
cgfcquqwvt.mp4,FAKE,train
cuzjbltmkl.mp4,FAKE,train
qraarjjoac.mp4,REAL,train
scleplqhgl.mp4,FAKE,train
oeklsfhgqv.mp4,FAKE,train
yzqvnbsbrl.mp4,FAKE,train
znmedydicq.mp4,FAKE,train
flsaluyvws.mp4,FAKE,train
dbjmhpklbv.mp4,REAL,train
apccpwzdpc.mp4,FAKE,train
jydyvivovg.mp4,FAKE,train
tnwqpccbne.mp4,FAKE,train
xkookamkfj.mp4,FAKE,train
lxtrhozzop.mp4,FAKE,train
wfunzfmcbs.mp4,FAKE,train
umwgftjaxi.mp4,FAKE,train
ptifpnogkc.mp4,FAKE,train
dgmbgofdwy.mp4,FAKE,train
latwrvqqzg.mp4,FAKE,train
egzxuzyqnc.mp4,REAL,train
buhkwwyhmz.mp4,FAKE,train
tunordjlke.mp4,FAKE,train
nrlkdzjdbh.mp4,FAKE,train
tcgzntdyqd.mp4,FAKE,train
ggsdtwymbi.mp4,REAL,train
oclwvvapcf.mp4,FAKE,train
gcblaqhikw.mp4,FAKE,train
wtwozczklu.mp4,FAKE,train
fatuzsieeq.mp4,FAKE,train
jggrlvifyl.mp4,FAKE,train
aqqijubtsr.mp4,FAKE,train
emgdjqirov.mp4,FAKE,train
uzxnfuawsq.mp4,FAKE,train
xybsuqrftm.mp4,FAKE,train
puwgjnaimb.mp4,REAL,train
bepysrlpzr.mp4,REAL,train
quggpxveqo.mp4,FAKE,train
bdirxvjxlc.mp4,FAKE,train
aaunkxgnup.mp4,FAKE,train
bxgkydnxzv.mp4,REAL,train
wphvrzobpt.mp4,FAKE,train
satmufemgg.mp4,FAKE,train
hfoewuxnhu.mp4,FAKE,train
potvkhpngv.mp4,FAKE,train
ciflxrbqrz.mp4,FAKE,train
rulefrhiug.mp4,FAKE,train
lommizrmbh.mp4,FAKE,train
seetvrnaqo.mp4,FAKE,train
xoedqewlun.mp4,FAKE,train
qtrzmhqbml.mp4,REAL,train
kavsiqzuqz.mp4,REAL,train
dacshzltqa.mp4,FAKE,train
jbkfwaayuk.mp4,FAKE,train
blxfkpvtov.mp4,FAKE,train
vosxsqboko.mp4,FAKE,train
ezbbgipdfn.mp4,REAL,train
wqzdehopqh.mp4,FAKE,train
rtotvxeisg.mp4,FAKE,train
xsvfjvptex.mp4,FAKE,train
plswvbglbb.mp4,FAKE,train
oxjzbmgbtl.mp4,FAKE,train
auyootefrt.mp4,FAKE,train
aahgdqgozs.mp4,FAKE,train
qfdlnvxdgj.mp4,REAL,train
ntowgaktll.mp4,FAKE,train
mbivvnaawj.mp4,FAKE,train
ictbbbprgl.mp4,FAKE,train
vedpwiuuff.mp4,FAKE,train
cfxpebxswd.mp4,FAKE,train
maifszktyp.mp4,FAKE,train
lxldrzojcb.mp4,FAKE,train
svuanhlbtk.mp4,FAKE,train
jdkhmsqneu.mp4,FAKE,train
mazufjoico.mp4,FAKE,train
afsokxukic.mp4,FAKE,train
nblsqfispc.mp4,FAKE,train
dedcjjcizg.mp4,FAKE,train
inlxicysby.mp4,REAL,train
qpysfrjzjg.mp4,FAKE,train
qlrnvefxho.mp4,FAKE,train
ohnnmhkmhz.mp4,FAKE,train
oskfexvzbw.mp4,FAKE,train
pkqhrdvypr.mp4,FAKE,train
mybekwsvlj.mp4,FAKE,train
zstlnbsyid.mp4,REAL,train
qtmrjlrgov.mp4,FAKE,train
usbfdqgbym.mp4,REAL,train
snevsowlnx.mp4,FAKE,train
qszpiuxdsl.mp4,FAKE,train
rgwpafpkah.mp4,FAKE,train
pgnillxhdt.mp4,FAKE,train
crtqgmicas.mp4,FAKE,train
svvqezbbzj.mp4,FAKE,train
donzzpwvcz.mp4,FAKE,train
wtajyouerz.mp4,FAKE,train
lbagsgasgq.mp4,FAKE,train
jetyrkqaif.mp4,FAKE,train
dawvwziiyk.mp4,FAKE,train
ktcpqdytve.mp4,FAKE,train
tjuxtcojfp.mp4,FAKE,train
zptvfzczsr.mp4,FAKE,train
ezwjisband.mp4,FAKE,train
kwfjzxlwly.mp4,FAKE,train
xsligcuwcc.mp4,FAKE,train
drozeobdwc.mp4,FAKE,train
vmfzbazxrr.mp4,FAKE,train
rtnultsauv.mp4,FAKE,train
vigdnkgpiv.mp4,FAKE,train
vrpfkvjckn.mp4,FAKE,train
rkirdxcydv.mp4,FAKE,train
jclgkjtmfp.mp4,FAKE,train
hotipyqqyl.mp4,FAKE,train
lhoiccuwdu.mp4,FAKE,train
metjmclgqa.mp4,FAKE,train
lnopfwsajt.mp4,FAKE,train
kylhplopji.mp4,FAKE,train
lfozgqbcue.mp4,FAKE,train
evlohmpajz.mp4,FAKE,train
smetiqozst.mp4,FAKE,train
pqndnfyxvd.mp4,FAKE,train
igznljkiez.mp4,FAKE,train
tvrnccfcqz.mp4,FAKE,train
mrstmoabpe.mp4,FAKE,train
gmexapgebg.mp4,FAKE,train
tadvunmhbq.mp4,FAKE,train
qrivxgwqga.mp4,FAKE,train
jeswozogcb.mp4,FAKE,train
xorveyaiyh.mp4,FAKE,train
fupzijzyeq.mp4,FAKE,train
noolwotbdh.mp4,FAKE,train
uyelnylonp.mp4,FAKE,train
wirnofcwpj.mp4,FAKE,train
jxbatthzmm.mp4,FAKE,train
jyrhitwyxp.mp4,FAKE,train
yfrsdxalql.mp4,FAKE,train
jwkkkrsjvg.mp4,FAKE,train
bbirmntrbi.mp4,FAKE,train
ciqufkablq.mp4,FAKE,train
jrutdyjyks.mp4,FAKE,train
vvwpzzlvcr.mp4,FAKE,train
sbbbidysbz.mp4,FAKE,train
rrdgikkpci.mp4,FAKE,train
soflilboqk.mp4,FAKE,train
bqsgkcshnr.mp4,FAKE,train
mfphivtusf.mp4,FAKE,train
hsnzvojifx.mp4,REAL,train
koturskxjs.mp4,FAKE,train
qssmifxflr.mp4,FAKE,train
dqzkvnpvpn.mp4,FAKE,train
tnfzgkkwvn.mp4,FAKE,train
bakkmiossx.mp4,FAKE,train
dkjgufeexo.mp4,FAKE,train
hopqndxlso.mp4,FAKE,train
cnaxfhqakf.mp4,FAKE,train
rdqnjmhoeq.mp4,FAKE,train
otskzdsevy.mp4,FAKE,train
tyjwcdmgfu.mp4,FAKE,train
wupycrhbnu.mp4,FAKE,train
qyfuygqsch.mp4,FAKE,train
dflmvwxvtf.mp4,FAKE,train
yvlgyveglm.mp4,FAKE,train
dctxqygasy.mp4,FAKE,train
poslobamtx.mp4,FAKE,train
eydjhucgly.mp4,FAKE,train
vedxldsjsx.mp4,FAKE,train
txflmhcbav.mp4,FAKE,train
zduvfavftl.mp4,FAKE,train
zjkwbritnu.mp4,FAKE,train
bsojiruzej.mp4,FAKE,train
jqfeszpvvb.mp4,FAKE,train
wbpdvoppvp.mp4,FAKE,train
gulyhvchld.mp4,FAKE,train
afpkqtshaf.mp4,FAKE,train
qxjrrknttr.mp4,FAKE,train
tgsaatpcin.mp4,FAKE,train
kixgtnykln.mp4,REAL,train
uyvwldmuym.mp4,FAKE,train
bemtodhzoz.mp4,REAL,train
jkzqutzket.mp4,FAKE,train
ulkjjlyaft.mp4,FAKE,train
hcisqnohby.mp4,FAKE,train
dhbcezmxtw.mp4,FAKE,train
ymwfrwtprs.mp4,FAKE,train
vftarmtpce.mp4,FAKE,train
uvkacoxuzk.mp4,FAKE,train
aqnfrdbsia.mp4,FAKE,train
wtvswrthcc.mp4,FAKE,train
qlxclapxup.mp4,FAKE,train
kwdjukteng.mp4,FAKE,train
sqgotdyifo.mp4,FAKE,train
vjdtxmimbz.mp4,FAKE,train
mitqbmfhef.mp4,FAKE,train
qahqmfanfr.mp4,FAKE,train
dvoogowijs.mp4,FAKE,train
vuximwtznf.mp4,FAKE,train
ykppdftcnh.mp4,FAKE,train
kbkelubadc.mp4,FAKE,train
mhjhajczdx.mp4,FAKE,train
nimflfwddz.mp4,FAKE,train
ivocyntvbi.mp4,FAKE,train
bevpwootah.mp4,FAKE,train
edphailgtd.mp4,FAKE,train
jsslinonsc.mp4,FAKE,train
wwycqkthwl.mp4,FAKE,train
ijkkfawper.mp4,FAKE,train
pbcsghohqz.mp4,FAKE,train
mhpkbsgucr.mp4,FAKE,train
izsgrmtpto.mp4,FAKE,train
ijlrvenhzk.mp4,FAKE,train
kbygxagetb.mp4,FAKE,train
seszakerdc.mp4,FAKE,train
ejawborsyb.mp4,FAKE,train
gnkfbipbko.mp4,REAL,train
jfktrewzkh.mp4,FAKE,train
bftezzwmcr.mp4,FAKE,train
xevhvruzsq.mp4,REAL,train
fpzjippyki.mp4,FAKE,train
kabwebwdlm.mp4,FAKE,train
igyzbftnok.mp4,FAKE,train
ysvisqifhf.mp4,FAKE,train
wqyjwxjvwt.mp4,FAKE,train
vodkcuylye.mp4,FAKE,train
tnptlyiytc.mp4,FAKE,train
cgkdygkheu.mp4,FAKE,train
ryyexgpadg.mp4,FAKE,train
hnaivhcfep.mp4,FAKE,train
mqsjnmzqtc.mp4,FAKE,train
lpmzvipwvr.mp4,FAKE,train
qwgyceznzh.mp4,FAKE,train
knyplmogof.mp4,REAL,train
twojxyxdvh.mp4,FAKE,train
hslcjyberm.mp4,FAKE,train
psounuyhsk.mp4,FAKE,train
grgilsopwm.mp4,FAKE,train
mfnxrqfprz.mp4,FAKE,train
xlbmareait.mp4,FAKE,train
jxlpjemyhv.mp4,FAKE,train
rxkvexffiq.mp4,FAKE,train
lwrpqotcht.mp4,FAKE,train
lxzptuwcfi.mp4,FAKE,train
luckkjonis.mp4,FAKE,train
iszeimyxug.mp4,FAKE,train
xxterdxipx.mp4,FAKE,train
fdfjurhwvi.mp4,FAKE,train
jedoyrtmpc.mp4,FAKE,train
whewmbvccb.mp4,FAKE,train
mpuxxcnieg.mp4,FAKE,train
gpajaarmxh.mp4,FAKE,train
qdjtietmjx.mp4,FAKE,train
imlrjluidi.mp4,FAKE,train
hpzztgqqbl.mp4,FAKE,train
cufsbvfjen.mp4,FAKE,train
pjclhiaogd.mp4,FAKE,train
kjpnsdjrlp.mp4,FAKE,train
qyvszolgza.mp4,FAKE,train
yeyvvmuacv.mp4,FAKE,train
hbcwfxlgya.mp4,FAKE,train
zgldagyxup.mp4,FAKE,train
lvlpynhhhs.mp4,FAKE,train
oyhiaxpwfa.mp4,REAL,train
smgrckcqpr.mp4,FAKE,train
vllngjydtk.mp4,FAKE,train
gydphqcsjz.mp4,FAKE,train
adgsdutoer.mp4,FAKE,train
sjgbiywngj.mp4,FAKE,train
mhrguzfats.mp4,FAKE,train
vdikcppvyu.mp4,FAKE,train
lwsuvtsuhj.mp4,FAKE,train
kgczfxvqzq.mp4,REAL,train
obaeooqwly.mp4,FAKE,train
oaqfjcrxgv.mp4,FAKE,train
ghcaleoimk.mp4,FAKE,train
pzropodbpk.mp4,FAKE,train
kiqjajfnoa.mp4,FAKE,train
rpcjluowkz.mp4,FAKE,train
voqtbyyjjr.mp4,FAKE,train
swguecbavx.mp4,FAKE,train
votjekacxt.mp4,FAKE,train
chpthcjkev.mp4,FAKE,train
aoifhudyzh.mp4,FAKE,train
hkhwabstxp.mp4,FAKE,train
tfdxnecemn.mp4,FAKE,train
tbmdatvcvb.mp4,FAKE,train
vwuvultekp.mp4,FAKE,train
lbcbswcfdd.mp4,FAKE,train
vfusicdzzg.mp4,FAKE,train
hphwoahxjg.mp4,FAKE,train
ggwbywpkyf.mp4,FAKE,train
tsswadcspp.mp4,FAKE,train
sfsvylfstw.mp4,FAKE,train
hefixtvspc.mp4,FAKE,train
mwowtprdzz.mp4,FAKE,train
cwbphcwonh.mp4,FAKE,train
fdgyspoimg.mp4,FAKE,train
xvylbtekqe.mp4,FAKE,train
oooppwvboj.mp4,FAKE,train
uuceddjxyj.mp4,FAKE,train
njfcuslhoc.mp4,FAKE,train
rhfuztrfnz.mp4,FAKE,train
nicbbtmvby.mp4,FAKE,train
vpoowoqrdl.mp4,FAKE,train
owmavenrkh.mp4,FAKE,train
blyqngenhe.mp4,FAKE,train
vbmtvmhdlx.mp4,FAKE,train
lqlldouufo.mp4,FAKE,train
yfcsnqjspw.mp4,FAKE,train
lhnbcqhuqk.mp4,FAKE,train
cbgryoyvkt.mp4,REAL,train
ynwiyowdcn.mp4,FAKE,train
xnzukywbuk.mp4,FAKE,train
xwroyfpdjz.mp4,FAKE,train
payznbqsnk.mp4,FAKE,train
gimwbgvvom.mp4,FAKE,train
npgikxkcfk.mp4,FAKE,train
qrqsmyhwmk.mp4,FAKE,train
bzwdrjjoiq.mp4,FAKE,train
tlprogpcqj.mp4,FAKE,train
xlpwsmqfob.mp4,FAKE,train
rqhdmutocs.mp4,FAKE,train
alqywpzmrv.mp4,FAKE,train
rfdfjrgyei.mp4,FAKE,train
urletjgqbo.mp4,FAKE,train
fnqbsizwsv.mp4,FAKE,train
djnvjoilak.mp4,FAKE,train
aucskzirmd.mp4,FAKE,train
sutyzrbiqc.mp4,FAKE,train
gtkbmwycli.mp4,FAKE,train
hfhhuycfum.mp4,FAKE,train
vthdvvxfpz.mp4,FAKE,train
xyogrdcbyt.mp4,REAL,train
fyyjiloinb.mp4,FAKE,train
syojpqlvxx.mp4,FAKE,train
edcshxtedg.mp4,FAKE,train
assmgrbnns.mp4,FAKE,train
ljkeaiwyiv.mp4,FAKE,train
cvmnkyhzki.mp4,FAKE,train
zyivbfjdvy.mp4,FAKE,train
bwiqfmngml.mp4,FAKE,train
vuwrkxzrbi.mp4,FAKE,train
efapytglsw.mp4,FAKE,train
wvemhnofyd.mp4,FAKE,train
fbxsmxkslz.mp4,FAKE,train
ieilvwoguv.mp4,FAKE,train
uhbdquaigx.mp4,FAKE,train
akwjxjxkjd.mp4,FAKE,train
urklstpxps.mp4,FAKE,train
irorfgbnem.mp4,FAKE,train
vtzpigtqqo.mp4,FAKE,train
ghdhszxmtz.mp4,FAKE,train
onmpqutdgo.mp4,FAKE,train
ukxswhkyuh.mp4,FAKE,train
evgwwdmcxa.mp4,FAKE,train
eirfrbcken.mp4,REAL,train
qyfczovavl.mp4,FAKE,train
jznfteqzjm.mp4,FAKE,train
isuhdvajec.mp4,FAKE,train
ureqteopum.mp4,FAKE,train
kddooggusu.mp4,FAKE,train
rxbrupmwpd.mp4,FAKE,train
acbjldcqka.mp4,FAKE,train
snfhwyymwg.mp4,FAKE,train
ltrmmlxhiy.mp4,FAKE,train
mvdpgepgen.mp4,FAKE,train
hwfvcvfixd.mp4,FAKE,train
qgymqxysfq.mp4,FAKE,train
ypkkcwseij.mp4,FAKE,train
jsgqmclzdj.mp4,FAKE,train
vhwgvwxdmm.mp4,FAKE,train
khluefvxep.mp4,FAKE,train
dkscekqovq.mp4,FAKE,train
skarhddhcg.mp4,FAKE,train
spgzygrabf.mp4,FAKE,train
gvqyepcntc.mp4,FAKE,train
iwhkezibhf.mp4,FAKE,train
nyndgulhrd.mp4,FAKE,train
nhnqozmwdx.mp4,FAKE,train
ehockowsde.mp4,FAKE,train
chrzfcjtaw.mp4,FAKE,train
oourmwstbr.mp4,FAKE,train
jykgcdqnqx.mp4,FAKE,train
dxsmbtnlqs.mp4,FAKE,train
tqhyoyevor.mp4,FAKE,train
xsnlyihyxu.mp4,FAKE,train
uswrijmnfv.mp4,FAKE,train
kxxeiwshdw.mp4,FAKE,train
aanhoksyeq.mp4,FAKE,train
exyxizknpa.mp4,FAKE,train
foyievjaad.mp4,FAKE,train
brtvxkbjgb.mp4,FAKE,train
nahiduxbpe.mp4,FAKE,train
ykrluzjwlo.mp4,FAKE,train
iejmyjinfc.mp4,REAL,train
ozkzexmwpx.mp4,FAKE,train
dlsmnasyop.mp4,FAKE,train
huwwwnseqa.mp4,FAKE,train
tfjuqjsrnv.mp4,FAKE,train
pflxfgrahm.mp4,FAKE,train
amcdtdvtsy.mp4,FAKE,train
opjmdsizhg.mp4,FAKE,train
duzovahuvi.mp4,FAKE,train
clnfbkylpp.mp4,FAKE,train
cdwzqgyqan.mp4,FAKE,train
vwjgswwkjf.mp4,FAKE,train
xnkhlmjkpg.mp4,FAKE,train
xyqygotqwd.mp4,FAKE,train
aaglhulpyq.mp4,FAKE,train
osnykkldob.mp4,FAKE,train
dszoxhhige.mp4,FAKE,train
ezqoboflbm.mp4,FAKE,train
olwsfvjqoc.mp4,FAKE,train
yuarccgvui.mp4,FAKE,train
xkikoxtneh.mp4,FAKE,train
ybyqycxndx.mp4,FAKE,train
ciirikadrb.mp4,FAKE,train
abdkzxmzaq.mp4,FAKE,train
vhuwfqtzlk.mp4,REAL,train
gidzmerohb.mp4,FAKE,train
jfkzebfyhd.mp4,FAKE,train
ctdacastkt.mp4,FAKE,train
sffzirgzvt.mp4,FAKE,train
ycpzktqwmi.mp4,FAKE,train
boyjqinioh.mp4,FAKE,train
fwtpnwjdkk.mp4,FAKE,train
auhahnwdcp.mp4,FAKE,train
fdicjoommm.mp4,FAKE,train
xhykdwekvl.mp4,REAL,train
jcyydwxkor.mp4,FAKE,train
zeiklglink.mp4,REAL,train
nwkgxtimxn.mp4,FAKE,train
oyngsppdiv.mp4,FAKE,train
skmuamgebu.mp4,FAKE,train
kklydoysvu.mp4,FAKE,train
bgoiwkpmml.mp4,FAKE,train
bbofbtcbbf.mp4,FAKE,train
mjanyjoohc.mp4,FAKE,train
epvxplwobq.mp4,FAKE,train
vpreqrrdjs.mp4,FAKE,train
wgjuqjjiyp.mp4,FAKE,train
xfabmcoyvf.mp4,FAKE,train
hhpernrkrq.mp4,FAKE,train
fbgkohkzot.mp4,FAKE,train
nqxzpyqksq.mp4,FAKE,train
htzjmoufai.mp4,FAKE,train
pkpdwznfyd.mp4,FAKE,train
fbtrkpxuql.mp4,FAKE,train
vodbqueiwq.mp4,FAKE,train
eqflqvqxou.mp4,FAKE,train
ywveineanr.mp4,FAKE,train
wbcexlqina.mp4,FAKE,train
xqubbhtcad.mp4,FAKE,train
jonthtgogn.mp4,FAKE,train
rswpcbcleb.mp4,FAKE,train
ykvycavksr.mp4,FAKE,train
uuygguarwr.mp4,FAKE,train
jdtuslifje.mp4,FAKE,train
vvzaojmnaz.mp4,FAKE,train
vkumnrgeky.mp4,REAL,train
xsecnogalr.mp4,FAKE,train
tyfshvrbtx.mp4,FAKE,train
iosvcobakp.mp4,FAKE,train
qtjeziukwk.mp4,FAKE,train
rtliozyjjy.mp4,FAKE,train
wcgwcemzfg.mp4,REAL,train
vlbvdlbkwb.mp4,FAKE,train
bkywyprmxz.mp4,FAKE,train
xatrtkoqaz.mp4,FAKE,train
bqsrmckjrm.mp4,REAL,train
bvayavcphd.mp4,FAKE,train
utwhgassbw.mp4,FAKE,train
yoxdduxfrc.mp4,FAKE,train
sefmumiber.mp4,FAKE,train
oscfyzrmgo.mp4,FAKE,train
dxwopfbqun.mp4,FAKE,train
ftsojzoxtv.mp4,FAKE,train
gdsnrhxjzk.mp4,FAKE,train
hvrgycaimh.mp4,FAKE,train
nsvnpcqfkr.mp4,FAKE,train
njcwryerlv.mp4,FAKE,train
jlewawbqfo.mp4,FAKE,train
ggjcqyuelz.mp4,FAKE,train
hxuxgbgkem.mp4,FAKE,train
sfuhcflils.mp4,REAL,train
opknndijle.mp4,FAKE,train
hphnkvblhf.mp4,FAKE,train
twyyaczivo.mp4,FAKE,train
tficwgxtsv.mp4,FAKE,train
xntefilrbz.mp4,FAKE,train
ibpwmmicvh.mp4,FAKE,train
jljcnywhao.mp4,FAKE,train
qvhbegsyjg.mp4,FAKE,train
ngefbiylwf.mp4,FAKE,train
aybkiznleo.mp4,FAKE,train
fsdeegievg.mp4,REAL,train
nntoakjlik.mp4,FAKE,train
erwxlgmlyu.mp4,FAKE,train
gsicqdrjmc.mp4,FAKE,train
eyvjbgibfm.mp4,FAKE,train
mhbrikvqzo.mp4,FAKE,train
sxfrubpqtj.mp4,FAKE,train
xqttxbnlfd.mp4,REAL,train
tmmmonfspe.mp4,FAKE,train
xupypigymh.mp4,FAKE,train
uuqvgipzxq.mp4,FAKE,train
inqeczqphc.mp4,FAKE,train
jabtbsqorr.mp4,FAKE,train
cuodohfdmi.mp4,FAKE,train
kuhmnhkgix.mp4,FAKE,train
ttndcofuso.mp4,FAKE,train
kjajbhvrvk.mp4,FAKE,train
iilsbfjzcs.mp4,FAKE,train
qhvbznomas.mp4,FAKE,train
edggzblxzn.mp4,FAKE,train
tetcqjmeti.mp4,FAKE,train
tzepjrndgb.mp4,FAKE,train
lkoqbenwer.mp4,FAKE,train
gslpymwmzb.mp4,FAKE,train
vebezzibnl.mp4,REAL,train
rjraiizdsc.mp4,FAKE,train
zrodpjcasc.mp4,REAL,train
sgzmybstkz.mp4,FAKE,train
jhtuwflmnm.mp4,FAKE,train
kuawgyerrt.mp4,FAKE,train
rdqocrevfa.mp4,FAKE,train
xgaxojsidv.mp4,FAKE,train
dzoespidyr.mp4,REAL,train
geudtfadvo.mp4,FAKE,train
bznzcvjciy.mp4,FAKE,train
yycdeptdnn.mp4,FAKE,train
frpemaftwx.mp4,FAKE,train
gljmmuqpvx.mp4,FAKE,train
bqljfirjtb.mp4,FAKE,train
hxajptmitv.mp4,FAKE,train
mweacxabjh.mp4,FAKE,train
paxsvxyngh.mp4,FAKE,train
ghpwbvqmur.mp4,FAKE,train
nbnnpgcahd.mp4,FAKE,train
cyxsqawcsa.mp4,FAKE,train
xvzbvktqdj.mp4,FAKE,train
msalmydrng.mp4,FAKE,train
tiyaxvmcds.mp4,FAKE,train
uamukpictq.mp4,FAKE,train
oamwmgcavo.mp4,FAKE,train
zyhevzzjpk.mp4,FAKE,train
mahfgfcthx.mp4,FAKE,train
gxlqqayjkx.mp4,FAKE,train
prphfuefsv.mp4,FAKE,train
dicsbspmdx.mp4,FAKE,train
zapvyxmpez.mp4,FAKE,train
naeihomeze.mp4,FAKE,train
qpznygskpt.mp4,FAKE,train
ynwwziznik.mp4,FAKE,train
drgvbpjdea.mp4,FAKE,train
dpzayxcsok.mp4,FAKE,train
sbdozegqgc.mp4,FAKE,train
wqcpbvrsli.mp4,FAKE,train
gevypmzgnb.mp4,FAKE,train
acmprtiljv.mp4,FAKE,train
xbvcpqwbji.mp4,FAKE,train
cikdwogtyh.mp4,FAKE,train
zfjfsdyhko.mp4,FAKE,train
qqenjmwpep.mp4,FAKE,train
fewtbzmmds.mp4,FAKE,train
jrlncrfwcj.mp4,REAL,train
ormmjvxgkg.mp4,FAKE,train
kmnajlmwcr.mp4,FAKE,train
wlxgoipmwd.mp4,FAKE,train
tziqxffotj.mp4,FAKE,train
nlymxfaevd.mp4,FAKE,train
igexnlxhrp.mp4,FAKE,train
snzhayjobi.mp4,FAKE,train
svycbvuvgc.mp4,REAL,train
degdaofolf.mp4,FAKE,train
qiocyhiqde.mp4,FAKE,train
wpntlmybej.mp4,FAKE,train
njavqpidtj.mp4,FAKE,train
lqltokcvsn.mp4,FAKE,train
aiauzuibuq.mp4,FAKE,train
iljntmugut.mp4,REAL,train
pqxoffhwri.mp4,FAKE,train
plkgpciabc.mp4,REAL,train
xptdlqzrdf.mp4,FAKE,train
ntvvvfxxak.mp4,FAKE,train
zgkucemvwx.mp4,FAKE,train
qfsbqwlhge.mp4,FAKE,train
dzeczhacap.mp4,FAKE,train
memogbhprf.mp4,FAKE,train
zcieexjgnl.mp4,FAKE,train
gkbxschdbo.mp4,FAKE,train
jukejxtrju.mp4,FAKE,train
hdzvtqbpqs.mp4,FAKE,train
fbydtaqhbr.mp4,FAKE,train
zpqcrxjuxb.mp4,FAKE,train
zzqtmsldbq.mp4,FAKE,train
wnolcftiyj.mp4,FAKE,train
rnasqtqnne.mp4,FAKE,train
uivvfpskpa.mp4,FAKE,train
sxbfivkdll.mp4,FAKE,train
vbwhyjhiiw.mp4,FAKE,train
khdqonmvdt.mp4,FAKE,train
ppbavicywa.mp4,FAKE,train
ztpzbvukvp.mp4,FAKE,train
ysavazacem.mp4,FAKE,train
mjhazrzeeg.mp4,REAL,train
viafkisgid.mp4,FAKE,train
yjmlrmfpax.mp4,FAKE,train
ckbgzsboxk.mp4,FAKE,train
vyxlelbqjh.mp4,FAKE,train
dfpmmnvaop.mp4,FAKE,train
ndoditkpjm.mp4,FAKE,train
akfoywoqmc.mp4,FAKE,train
rpdyezccyh.mp4,FAKE,train
jklhtwxnqr.mp4,FAKE,train
jrgmmtmafq.mp4,REAL,train
vtkipkdnni.mp4,FAKE,train
pgyqassges.mp4,FAKE,train
awjaqhlcqu.mp4,FAKE,train
alvhfkvgbf.mp4,FAKE,train
nojjqdxckm.mp4,FAKE,train
gavevlsumb.mp4,REAL,train
zlluotxoxr.mp4,FAKE,train
clcajbnclq.mp4,FAKE,train
cjrabgzvsh.mp4,FAKE,train
xwypbrocok.mp4,FAKE,train
sqirhtxpzl.mp4,FAKE,train
xmeyjfcooa.mp4,FAKE,train
rlqhoiplla.mp4,FAKE,train
xecljpkalk.mp4,FAKE,train
wtflqeomcq.mp4,FAKE,train
hofyjuklgx.mp4,FAKE,train
myeirmpprg.mp4,FAKE,train
fffxdvvrgh.mp4,REAL,train
tjcnwzzvnq.mp4,FAKE,train
yghwvtjdrz.mp4,FAKE,train
imrtqcecim.mp4,FAKE,train
rtlrmdoijk.mp4,FAKE,train
ufjubuswod.mp4,REAL,train
pdrzpgpgpf.mp4,FAKE,train
tfkodpvmpn.mp4,FAKE,train
msevlbxolo.mp4,FAKE,train
nbmnzytoqi.mp4,FAKE,train
mgwysiozwn.mp4,FAKE,train
woqwjsvhff.mp4,FAKE,train
uivrajgexg.mp4,FAKE,train
bhcpsexpir.mp4,FAKE,train
tkczrwsanm.mp4,FAKE,train
rupnmwgvua.mp4,FAKE,train
kvxmbnqkuc.mp4,REAL,train
knhyhxhdqd.mp4,FAKE,train
pmnazdjsol.mp4,FAKE,train
bgbykpybnp.mp4,FAKE,train
gvkguejifk.mp4,FAKE,train
jkwcyjtivh.mp4,FAKE,train
hvbawyfkhi.mp4,FAKE,train
wmanpvojwj.mp4,FAKE,train
ondpqdolhg.mp4,FAKE,train
nkvsnwkdes.mp4,FAKE,train
ftcmxybxox.mp4,FAKE,train
dfmpogdasz.mp4,FAKE,train
czxpalimji.mp4,FAKE,train
plbhbjlzkk.mp4,FAKE,train
niekwwunkb.mp4,FAKE,train
lonfeywaqi.mp4,FAKE,train
jlgkzspzlp.mp4,FAKE,train
dduidrhkvv.mp4,REAL,train
eakdiizgyl.mp4,FAKE,train
ppwuntpllz.mp4,FAKE,train
jirgnrwzsv.mp4,FAKE,train
hzqwopfnzl.mp4,FAKE,train
hjiweecxmn.mp4,REAL,train
hffrrckuui.mp4,FAKE,train
crmobgizwo.mp4,REAL,train
smstqzhdak.mp4,FAKE,train
wdmsefrxuh.mp4,FAKE,train
fyydlyaiya.mp4,FAKE,train
ldbsmsgxch.mp4,FAKE,train
tpotpmmmuv.mp4,FAKE,train
kaygmthlsw.mp4,FAKE,train
dqwiommqgl.mp4,FAKE,train
namtxvqbvi.mp4,FAKE,train
nslwkpcdxk.mp4,FAKE,train
xribbkhadz.mp4,REAL,train
lkkjzevwlf.mp4,FAKE,train
rmwvicexuo.mp4,REAL,train
bgssgjrhxi.mp4,FAKE,train
eodnvnckpb.mp4,REAL,train
mserijlxsh.mp4,FAKE,train
tpkewfvwfl.mp4,FAKE,train
xiuvltlmbl.mp4,FAKE,train
mukbljjdph.mp4,FAKE,train
orfibhyltg.mp4,FAKE,train
rfsxjcepjw.mp4,REAL,train
szpqjojaji.mp4,FAKE,train
bcdytgumpn.mp4,FAKE,train
cpipsblwsv.mp4,REAL,train
vyifmjitkj.mp4,FAKE,train
bjforfzjqi.mp4,FAKE,train
rqyjkpzelf.mp4,FAKE,train
hkamalqdze.mp4,FAKE,train
gvcycjpyda.mp4,FAKE,train
gimicsnzcw.mp4,FAKE,train
rwydmfxfsa.mp4,FAKE,train
hyzjslobpp.mp4,FAKE,train
fdqufblmbe.mp4,FAKE,train
phopeeawsq.mp4,FAKE,train
kfroajeyzh.mp4,FAKE,train
hvhwqugoxu.mp4,FAKE,train
yuodbpdcen.mp4,FAKE,train
kyseobpeim.mp4,FAKE,train
lcetatgjlq.mp4,FAKE,train
dlsyzwsswg.mp4,FAKE,train
vxkrtqscmz.mp4,FAKE,train
waqajqrdnp.mp4,FAKE,train
cbldxobgrw.mp4,FAKE,train
hiafeqjgjt.mp4,FAKE,train
hbwtshzufg.mp4,FAKE,train
abrnvjbjwb.mp4,FAKE,train
vavpoksnsi.mp4,FAKE,train
jfgbiuryyp.mp4,FAKE,train
ceonbxkjyu.mp4,FAKE,train
zxfvjulgbl.mp4,FAKE,train
rwvtygyzdk.mp4,FAKE,train
trnobhkyqm.mp4,FAKE,train
prykceywau.mp4,FAKE,train
ptqhyfnqrh.mp4,FAKE,train
eeuifzvhrd.mp4,FAKE,train
ohcjnxmuuy.mp4,FAKE,train
tpcijdapjt.mp4,FAKE,train
tkvxgpkamr.mp4,FAKE,train
pykpkrhrsx.mp4,FAKE,train
vuuobcqzhx.mp4,FAKE,train
mtodcmwwhp.mp4,FAKE,train
zfabntnwpm.mp4,FAKE,train
txjsrwbdfo.mp4,FAKE,train
hxcmjpjgul.mp4,FAKE,train
etmtpkrxpa.mp4,FAKE,train
nagrtnxqth.mp4,FAKE,train
gzelwhnhbd.mp4,FAKE,train
hnabdirocn.mp4,FAKE,train
joiwtshxir.mp4,FAKE,train
llfxvxzllg.mp4,REAL,train
qpejmvfmsu.mp4,FAKE,train
iqbiubquwk.mp4,FAKE,train
jagjtcxlfw.mp4,REAL,train
egwcrporui.mp4,FAKE,train
adhbvpbwpr.mp4,FAKE,train
zvefoqtkmk.mp4,FAKE,train
sanflzvaof.mp4,FAKE,train
rjibcmrbep.mp4,FAKE,train
etkmoudyxt.mp4,FAKE,train
lydeyraqdi.mp4,FAKE,train
gchrmpaqsn.mp4,FAKE,train
kwbzpvdtfe.mp4,FAKE,train
niohjyngfx.mp4,FAKE,train
jiwdqhoxvo.mp4,FAKE,train
dggacvfsst.mp4,FAKE,train
elojiwzswt.mp4,FAKE,train
bqaknqwcyg.mp4,FAKE,train
hqmzdcwjnn.mp4,FAKE,train
qtmqsziqgu.mp4,FAKE,train
dfpmwknxkp.mp4,FAKE,train
tyoptvxczl.mp4,FAKE,train
izagkzgfuu.mp4,FAKE,train
fsctdcxuqp.mp4,FAKE,train
elaxwnjzsf.mp4,FAKE,train
ythtidouho.mp4,FAKE,train
fbcoiidqdd.mp4,FAKE,train
uvkjcjncow.mp4,FAKE,train
tmthiqwbjd.mp4,FAKE,train
jkzdcscyxn.mp4,FAKE,train
zyzejqikcg.mp4,FAKE,train
jrqzhijhik.mp4,FAKE,train
tlzlqmqysq.mp4,FAKE,train
iziuqwsoef.mp4,FAKE,train
qlejantevh.mp4,REAL,train
pehcvcxwax.mp4,FAKE,train
wwkgmbzvss.mp4,FAKE,train
pgligbvwjt.mp4,FAKE,train
rwxoetidfa.mp4,FAKE,train
cnpasnybly.mp4,FAKE,train
cxcvzcsrqf.mp4,FAKE,train
xaflvnrrvw.mp4,FAKE,train
nntacyokiy.mp4,FAKE,train
udtnqddjvx.mp4,FAKE,train
qbqtdvvvvh.mp4,FAKE,train
jeqjbotqsn.mp4,FAKE,train
ekzqkbdypn.mp4,FAKE,train
czmaawxltt.mp4,FAKE,train
vjifvssash.mp4,FAKE,train
dnbfywraiv.mp4,FAKE,train
dkwvrllpyw.mp4,FAKE,train
njzooaihel.mp4,FAKE,train
uhzicmklxi.mp4,REAL,train
bjkyoompwi.mp4,FAKE,train
imjwqgzhai.mp4,FAKE,train
gozrlvanth.mp4,FAKE,train
kqygkdbeey.mp4,FAKE,train
qfdiqwviho.mp4,FAKE,train
kjdoizhtxn.mp4,REAL,train
njgfbcdxqa.mp4,FAKE,train
jcxgveehec.mp4,REAL,train
pfivzyerby.mp4,FAKE,train
degaufnpix.mp4,FAKE,train
ojcjshvhny.mp4,FAKE,train
gkyprzeezm.mp4,FAKE,train
uegmuuwlzn.mp4,FAKE,train
mrlnoorcwf.mp4,REAL,train
cogywizzkb.mp4,REAL,train
bpuzyxwbiw.mp4,FAKE,train
jgsemsamng.mp4,FAKE,train
vejsqfkluh.mp4,FAKE,train
wwmfpzskba.mp4,FAKE,train
lhzyxpetvj.mp4,FAKE,train
rvxtljkfgz.mp4,REAL,train
pobkivostz.mp4,FAKE,train
qcxwcqhzgd.mp4,FAKE,train
xwtizvngtf.mp4,REAL,train
gvanlxrmxf.mp4,FAKE,train
eoumymmygd.mp4,FAKE,train
nlgwdsbjti.mp4,REAL,train
iahrwamgdp.mp4,FAKE,train
mvscywwpex.mp4,FAKE,train
gqbrjkjice.mp4,FAKE,train
lhmasgvera.mp4,FAKE,train
xbmlpwvygi.mp4,FAKE,train
qyrpzdmfqp.mp4,FAKE,train
zvikdhujvo.mp4,FAKE,train
arcdokvebk.mp4,FAKE,train
zkngmtovkg.mp4,FAKE,train
cfkgmegmcj.mp4,FAKE,train
achowwyozf.mp4,FAKE,train
akwmftpuka.mp4,FAKE,train
vfyiqvnvbx.mp4,FAKE,train
vohsqhwudv.mp4,REAL,train
cfbzrgtbmw.mp4,FAKE,train
flgdpgiuyo.mp4,FAKE,train
lsbpzkwklc.mp4,FAKE,train
ziqsauaeho.mp4,FAKE,train
hzidewmuub.mp4,FAKE,train
bzjsskmivr.mp4,FAKE,train
ytquowarbu.mp4,FAKE,train
rcenwbfnws.mp4,FAKE,train
ayadravncu.mp4,FAKE,train
ephapmedel.mp4,FAKE,train
ziatdczqvp.mp4,REAL,train
wntdoofluy.mp4,FAKE,train
azvtsxkidq.mp4,REAL,train
emmhvthugd.mp4,FAKE,train
vzjtlutekj.mp4,FAKE,train
zgukufhxjx.mp4,FAKE,train
qxvzfgsjou.mp4,REAL,train
nxlkjxwehy.mp4,FAKE,train
becmtivmwm.mp4,REAL,train
lffhrnkhse.mp4,FAKE,train
wsmvqmfpfn.mp4,FAKE,train
gldxyhytub.mp4,REAL,train
rcrtgwfwys.mp4,REAL,train
uznvrkptpc.mp4,REAL,train
wcdlesgtcm.mp4,REAL,train
tjqfcdjjwv.mp4,FAKE,train
gdjubugymo.mp4,FAKE,train
osidnsoicr.mp4,FAKE,train
njtyydboml.mp4,FAKE,train
jmbhdpayug.mp4,FAKE,train
ufutnmxzzp.mp4,FAKE,train
jgnacfspue.mp4,FAKE,train
tbsoqouejm.mp4,FAKE,train
flanwtvuul.mp4,FAKE,train
jopzicdocl.mp4,FAKE,train
rhftkrhlzo.mp4,REAL,train
iotiicpogb.mp4,FAKE,train
xafhoqwbae.mp4,FAKE,train
kiowppxfro.mp4,FAKE,train
mvcteiyrge.mp4,FAKE,train
pruwctpcbi.mp4,REAL,train
rteaqrkhur.mp4,FAKE,train
eaortrqjnv.mp4,FAKE,train
ytkjkyjeei.mp4,FAKE,train
vgkcynisyn.mp4,REAL,train
xiwzrhcnfi.mp4,FAKE,train
hvpdrefmgp.mp4,FAKE,train
rreuwvbone.mp4,FAKE,train
ygnbegsvrn.mp4,REAL,train
yltojzqtuc.mp4,FAKE,train
klwxsurrwp.mp4,FAKE,train
qwemrefkwh.mp4,FAKE,train
lwguoajtej.mp4,FAKE,train
uattabslit.mp4,FAKE,train
vpgthafeta.mp4,FAKE,train
qyjescqpya.mp4,FAKE,train
ngjkwgffpb.mp4,FAKE,train
gpqsrmwewd.mp4,FAKE,train
rmidnpympq.mp4,FAKE,train
dvvrzubojt.mp4,FAKE,train
hrhvngykur.mp4,FAKE,train
fzuzbvzmsl.mp4,FAKE,train
jkmxxujmwo.mp4,FAKE,train
yfcmcxfytn.mp4,REAL,train
vsiggkezez.mp4,REAL,train
ctbfeowfgb.mp4,FAKE,train
mjhsdviywb.mp4,FAKE,train
tgkeytunnd.mp4,FAKE,train
bzaauejtrm.mp4,FAKE,train
ypnersinol.mp4,FAKE,train
xbwcjyspur.mp4,FAKE,train
dposxfhbxc.mp4,FAKE,train
xumwlvuxym.mp4,FAKE,train
jksiosbgqr.mp4,FAKE,train
lrymeoxedb.mp4,FAKE,train
zbvuxvmefw.mp4,FAKE,train
unalzvcclv.mp4,REAL,train
wiljapzyyn.mp4,FAKE,train
npegmofvkg.mp4,FAKE,train
whyflhctml.mp4,FAKE,train
sosxvcbrri.mp4,FAKE,train
fmiciisiqe.mp4,FAKE,train
wztvsceimr.mp4,FAKE,train
cjbvcmycmn.mp4,FAKE,train
yhnplarxhw.mp4,FAKE,train
beqqpddhfq.mp4,FAKE,train
hznfbjfbgw.mp4,FAKE,train
anwlwxwgeu.mp4,FAKE,train
ehuwbscwhw.mp4,FAKE,train
yfapbxhnpd.mp4,FAKE,train
zplvhdnvre.mp4,FAKE,train
ncwwjxtpic.mp4,FAKE,train
zjllnlgcsi.mp4,FAKE,train
bvdllgwnle.mp4,FAKE,train
zcfoeeleeg.mp4,FAKE,train
lxxghetows.mp4,FAKE,train
mxgscubddd.mp4,FAKE,train
wtiesshbnh.mp4,FAKE,train
gpvwvsquzc.mp4,FAKE,train
udvbpkubnz.mp4,FAKE,train
xsrdbogsuu.mp4,FAKE,train
jjcctencjm.mp4,FAKE,train
uzalxpoqhu.mp4,FAKE,train
umuffpuhji.mp4,FAKE,train
cbxatxykwx.mp4,FAKE,train
eizaajwktd.mp4,FAKE,train
tgqaahxkss.mp4,FAKE,train
gywzlsqofn.mp4,FAKE,train
byzboucruq.mp4,FAKE,train
gsbkmfcgnl.mp4,FAKE,train
tedyppzfiz.mp4,FAKE,train
kfioqgxmar.mp4,REAL,train
scyyjstmts.mp4,FAKE,train
eobtqxsraj.mp4,FAKE,train
ectceantef.mp4,REAL,train
wuetedwkxe.mp4,FAKE,train
qialdjupji.mp4,FAKE,train
ydwjoykflj.mp4,FAKE,train
ksbczvbqhy.mp4,FAKE,train
nciujwbttq.mp4,FAKE,train
gycbnhkicd.mp4,FAKE,train
fqtmqiqhtr.mp4,FAKE,train
wlpljmkcid.mp4,REAL,train
lsvupsvgix.mp4,FAKE,train
xbptxkalqi.mp4,FAKE,train
zghozyrqbj.mp4,FAKE,train
rflndregaz.mp4,REAL,train
ewcgydtfjp.mp4,FAKE,train
rkqoghhppr.mp4,FAKE,train
lnpszhqjbv.mp4,FAKE,train
bnkxfblspr.mp4,FAKE,train
ucpjibvvus.mp4,FAKE,train
qlxdcgqdww.mp4,REAL,train
rotytwmzjc.mp4,FAKE,train
wkkujiqffr.mp4,FAKE,train
zxufcfasvr.mp4,FAKE,train
mermyutaos.mp4,REAL,train
xfngttrczf.mp4,FAKE,train
msonpiomob.mp4,REAL,train
votqcuwpae.mp4,REAL,train
ltvgksopqp.mp4,FAKE,train
mdxhympkan.mp4,FAKE,train
bbphjbqwae.mp4,FAKE,train
klwnoukxpy.mp4,FAKE,train
arjnjhghyf.mp4,FAKE,train
husdjoozno.mp4,FAKE,train
mmodrnwivy.mp4,FAKE,train
ylrtfsmfns.mp4,REAL,train
obpncdcxbv.mp4,FAKE,train
fbvvheoquw.mp4,REAL,train
jytnikqjci.mp4,FAKE,train
yodpvkboee.mp4,FAKE,train
afyatncsun.mp4,FAKE,train
jymadinhnm.mp4,REAL,train
dqltfusznk.mp4,FAKE,train
zxidkxogng.mp4,FAKE,train
lcthzklfhw.mp4,FAKE,train
asehefjcrx.mp4,FAKE,train
ajwegyagtv.mp4,FAKE,train
gxoqqilnel.mp4,FAKE,train
jwygbuprhr.mp4,FAKE,train
xivbvewnkv.mp4,FAKE,train
qxtkmjciyz.mp4,FAKE,train
xcdjrcbhob.mp4,REAL,train
ecsbuzreow.mp4,FAKE,train
gpsytbhcmb.mp4,FAKE,train
byrciauesi.mp4,FAKE,train
tcphemozgx.mp4,FAKE,train
kschtbpkmh.mp4,REAL,train
ebdeippuqf.mp4,FAKE,train
xcviojioko.mp4,REAL,train
fbvsoozixq.mp4,FAKE,train
lqpuiooftj.mp4,FAKE,train
zxrhetnqoi.mp4,FAKE,train
bdhyqryoil.mp4,FAKE,train
sogevtgfit.mp4,FAKE,train
sprenxdpqc.mp4,FAKE,train
ripekykbia.mp4,FAKE,train
rbokpxtmti.mp4,REAL,train
jdghzokiyn.mp4,FAKE,train
zpjgfaswsc.mp4,FAKE,train
dchllyatbq.mp4,FAKE,train
oabsuggrws.mp4,REAL,train
hkvtscjvbg.mp4,FAKE,train
pukdmxmyta.mp4,FAKE,train
ybqzodpuyv.mp4,FAKE,train
luxymrpxij.mp4,FAKE,train
bbokqqvbdh.mp4,FAKE,train
xguhxkdtow.mp4,FAKE,train
elxiilxvjw.mp4,FAKE,train
eckqlnpbjc.mp4,REAL,train
xzlqysylfv.mp4,FAKE,train
xycvfqygqq.mp4,REAL,train
wlvxhazuog.mp4,FAKE,train
znnexvrgmu.mp4,FAKE,train
kyfwctavtq.mp4,REAL,train
drygthdmxs.mp4,FAKE,train
lvdwemxvgj.mp4,FAKE,train
lcsojymlot.mp4,FAKE,train
metdggaini.mp4,REAL,train
vyzmfpeldh.mp4,FAKE,train
uztrloeuqh.mp4,REAL,train
xfnhthioeb.mp4,FAKE,train
qxiladowcl.mp4,FAKE,train
pvbqiphibf.mp4,REAL,train
esyfakyccm.mp4,FAKE,train
dhjcpzikle.mp4,FAKE,train
fawexlolyw.mp4,FAKE,train
wukdokngxd.mp4,REAL,train
pnejkjolgb.mp4,FAKE,train
cwwsiywfnu.mp4,FAKE,train
keuzdsejqj.mp4,FAKE,train
tgrrzbaatg.mp4,FAKE,train
lngapkhfur.mp4,FAKE,train
jefecqmmbd.mp4,REAL,train
hfwwineuwd.mp4,FAKE,train
gbtibbevhd.mp4,FAKE,train
epftyyvcqv.mp4,FAKE,train
bhtrchmzkq.mp4,FAKE,train
nemikhqxwj.mp4,FAKE,train
qjhvgkxags.mp4,FAKE,train
khqozfxkxw.mp4,FAKE,train
pjakkfkglg.mp4,FAKE,train
ftyfkxsxux.mp4,FAKE,train
tjhxtvbwgl.mp4,FAKE,train
sxftpozoex.mp4,FAKE,train
eeympgyzqq.mp4,FAKE,train
qyycohxsaw.mp4,FAKE,train
zlrhmdlhsf.mp4,FAKE,train
vynipsqagd.mp4,FAKE,train
hvdzfiymqx.mp4,FAKE,train
phamutsikb.mp4,REAL,train
ikzobpnltg.mp4,FAKE,train
fwxkqbtuoi.mp4,FAKE,train
diwuivuapl.mp4,FAKE,train
nwdxowdahh.mp4,REAL,train
xnxtzrldwj.mp4,FAKE,train
tqeippsxwe.mp4,FAKE,train
jcpjfycbmu.mp4,FAKE,train
tzodzyzhwx.mp4,FAKE,train
ovnqkxqzua.mp4,FAKE,train
gwljmnlisu.mp4,FAKE,train
rfwqfxmxtf.mp4,FAKE,train
cjbpdztczy.mp4,FAKE,train
cyvskgjcul.mp4,FAKE,train
mkhxeeejsq.mp4,FAKE,train
jdszbmohug.mp4,FAKE,train
vyxznavlgp.mp4,REAL,train
ordmqjhzis.mp4,FAKE,train
cshovthaal.mp4,FAKE,train
bxqobapdzz.mp4,FAKE,train
oiiltikngy.mp4,FAKE,train
zugqdtkagr.mp4,FAKE,train
ticespjbeg.mp4,FAKE,train
znctzspdxq.mp4,FAKE,train
sowpchftkd.mp4,FAKE,train
pmxudsxyus.mp4,FAKE,train
cphnpwcmkx.mp4,FAKE,train
qdedumithq.mp4,FAKE,train
kqxykozvlg.mp4,REAL,train
itfeokfnfp.mp4,FAKE,train
ufbtccwmhu.mp4,REAL,train
irukgvcdsl.mp4,REAL,train
pvkltwwkwh.mp4,FAKE,train
vhovixtqjs.mp4,FAKE,train
orpsyofhiz.mp4,FAKE,train
bospdntyrt.mp4,FAKE,train
bvcifkhbsr.mp4,FAKE,train
jqasvzhzsx.mp4,REAL,train
bwgdnuptyi.mp4,FAKE,train
niloopqatp.mp4,FAKE,train
delpzztvsh.mp4,FAKE,train
ixsdmejgkz.mp4,FAKE,train
mrtbzjbvop.mp4,REAL,train
hjnzztyqdk.mp4,FAKE,train
khakpjjrcx.mp4,FAKE,train
ngxzvrfstg.mp4,FAKE,train
zjbttvbyra.mp4,FAKE,train
uzojxptkte.mp4,FAKE,train
ixfzjmdhnu.mp4,FAKE,train
tamsoaapfo.mp4,FAKE,train
igvmbppqiw.mp4,FAKE,train
omnieyidxe.mp4,FAKE,train
mbotrhcmxi.mp4,FAKE,train
osobrjgrda.mp4,FAKE,train
ciwjicrvua.mp4,FAKE,train
ierdzmlgsj.mp4,REAL,train
xgudftdybj.mp4,FAKE,train
kwghopkfcy.mp4,REAL,train
ynyfaqaovv.mp4,FAKE,train
jrmpxxbikm.mp4,FAKE,train
pqyfnbxiiv.mp4,FAKE,train
njgrwwkkzd.mp4,FAKE,train
lsmravnqsm.mp4,FAKE,train
xrttfzjtka.mp4,FAKE,train
wznnfertes.mp4,FAKE,train
szgnqiuawm.mp4,FAKE,train
czmfjgnxol.mp4,FAKE,train
cozyxkfkqp.mp4,FAKE,train
pavazfdcwu.mp4,FAKE,train
oxculumxbc.mp4,REAL,train
khxyzgsqho.mp4,FAKE,train
omcppqqvem.mp4,FAKE,train
ncbdfcyuav.mp4,FAKE,train
kqapefqnnh.mp4,FAKE,train
thivvzjdlr.mp4,FAKE,train
cgqwecutyn.mp4,FAKE,train
haqaytczcr.mp4,FAKE,train
mpkbbxaqww.mp4,REAL,train
hjvcqegzxz.mp4,FAKE,train
rcelostggm.mp4,FAKE,train
qxhohcgdte.mp4,FAKE,train
ivbymzghfw.mp4,FAKE,train
ojxmxpfuxg.mp4,FAKE,train
fktpkdihfh.mp4,FAKE,train
zuuyyherfc.mp4,FAKE,train
zsoqixsiln.mp4,FAKE,train
fccjcpxyew.mp4,FAKE,train
xfufaedien.mp4,FAKE,train
gbbozmumxh.mp4,FAKE,train
fwmkzwfhvg.mp4,FAKE,train
lziphtuxyx.mp4,FAKE,train
sbjvoqcett.mp4,FAKE,train
ljodcrrxqu.mp4,FAKE,train
mnwmlztson.mp4,FAKE,train
gsiqvsowby.mp4,FAKE,train
lxphgotkgu.mp4,FAKE,train
oogbcrdgwj.mp4,FAKE,train
ppmvtqigqf.mp4,REAL,train
lppbnplrow.mp4,FAKE,train
evoyvlktol.mp4,FAKE,train
vbnsoqcsdc.mp4,REAL,train
wftrpkkmvf.mp4,FAKE,train
bsslblmznk.mp4,FAKE,train
stqocivpmv.mp4,FAKE,train
opxtanobal.mp4,FAKE,train
edbarpohfu.mp4,FAKE,train
lyshsjkgjx.mp4,FAKE,train
pawykqgbvb.mp4,FAKE,train
srryqnqdaz.mp4,FAKE,train
vjghipcdwx.mp4,FAKE,train
peoqwxxdeo.mp4,FAKE,train
indunhbset.mp4,FAKE,train
anjcivvdyd.mp4,FAKE,train
moztzxmyju.mp4,FAKE,train
etjsvyhepr.mp4,FAKE,train
bdotoahnef.mp4,FAKE,train
aytewqzkgb.mp4,FAKE,train
pugvoalmgu.mp4,FAKE,train
zhhnxwdrbs.mp4,FAKE,train
vniglgwbin.mp4,FAKE,train
fjuqmwrdmi.mp4,REAL,train
wsaaynadmn.mp4,FAKE,train
lcytmaffdk.mp4,FAKE,train
acbvpkcgqo.mp4,FAKE,train
oyqzcawjmh.mp4,FAKE,train
ovpdmwnggm.mp4,FAKE,train
qauxtdfmpg.mp4,FAKE,train
whypsiiwaf.mp4,FAKE,train
vyschgjrtg.mp4,FAKE,train
xixetxtqog.mp4,FAKE,train
vvcziumaqd.mp4,FAKE,train
euzbeoqyyd.mp4,FAKE,train
cifzyndxio.mp4,FAKE,train
fsmwiiyuno.mp4,REAL,train
zturqwahbq.mp4,FAKE,train
saiobudxcm.mp4,REAL,train
yudsntzkka.mp4,FAKE,train
vptxwtqklm.mp4,FAKE,train
qsztibzzcy.mp4,FAKE,train
dlwnorskhy.mp4,FAKE,train
uxqenejhbf.mp4,FAKE,train
gphwbbbjnb.mp4,FAKE,train
zkrzcwgvte.mp4,FAKE,train
dablyhkffy.mp4,FAKE,train
xztdrwuwrm.mp4,REAL,train
cwbloesipb.mp4,FAKE,train
wrehegwske.mp4,FAKE,train
svxnzkktgy.mp4,FAKE,train
tikmpkjjxk.mp4,FAKE,train
dnmbdkyxdu.mp4,FAKE,train
krueqiavpd.mp4,REAL,train
ytssyibqre.mp4,FAKE,train
mfvmlqluot.mp4,REAL,train
yzmbtbeoxk.mp4,FAKE,train
fgbppgaruc.mp4,FAKE,train
hfriuxfleb.mp4,FAKE,train
quyuqubjqp.mp4,FAKE,train
ewchmfogip.mp4,FAKE,train
fqcfzpuctk.mp4,FAKE,train
aitdmcambv.mp4,FAKE,train
skxnqkptoq.mp4,FAKE,train
hthcwyrlzb.mp4,FAKE,train
arkqrbjzld.mp4,REAL,train
ttpjelqpbh.mp4,FAKE,train
egiwkclyov.mp4,FAKE,train
uixrscmuqx.mp4,FAKE,train
vhzapxhfib.mp4,REAL,train
lkkzrnbwtq.mp4,FAKE,train
wvrkriyavi.mp4,FAKE,train
sxofteuigj.mp4,FAKE,train
lmhhqotfbm.mp4,FAKE,train
okndkghlvh.mp4,FAKE,train
buipioytio.mp4,FAKE,train
xnbanuwzpc.mp4,FAKE,train
csmdwlcoir.mp4,FAKE,train
tvamzroemc.mp4,FAKE,train
zquymvyvwg.mp4,FAKE,train
bdicysuijs.mp4,FAKE,train
mmphbdmecj.mp4,FAKE,train
dghebukypk.mp4,REAL,train
supvbwapej.mp4,REAL,train
duckaycmww.mp4,REAL,train
kxakxifevr.mp4,FAKE,train
uymtmgkblj.mp4,FAKE,train
cmjggvepqx.mp4,FAKE,train
xoymaorvjw.mp4,FAKE,train
ljqbqtdsiv.mp4,FAKE,train
ukgvracfyq.mp4,FAKE,train
mpektyojav.mp4,FAKE,train
ddxmucvrgg.mp4,FAKE,train
pxpjtwxsqz.mp4,FAKE,train
eewsngeqfs.mp4,FAKE,train
ataqqdebsl.mp4,FAKE,train
yydhnumnlx.mp4,FAKE,train
qbtmzaucmt.mp4,FAKE,train
usrqadpesh.mp4,REAL,train
vtkzflamwy.mp4,FAKE,train
bzsfphmrxp.mp4,FAKE,train
ppncwxbpeu.mp4,FAKE,train
vzkrgudcmv.mp4,FAKE,train
rzlxpvmdob.mp4,REAL,train
qlgthbfcjv.mp4,FAKE,train
jdpoqewunc.mp4,FAKE,train
cmssuctcdv.mp4,FAKE,train
jgasqbyrbo.mp4,FAKE,train
innafzyoeq.mp4,REAL,train
jyfocxohsr.mp4,FAKE,train
jdvdeobprm.mp4,FAKE,train
iysqricdpb.mp4,FAKE,train
qlsognohlv.mp4,REAL,train
ghzjrgvpgs.mp4,FAKE,train
pwecsohwac.mp4,REAL,train
ixdqzokpen.mp4,FAKE,train
oandkyzuvb.mp4,FAKE,train
yhdhoirdec.mp4,FAKE,train
xsfrsnicrp.mp4,FAKE,train
qgrieuqruw.mp4,REAL,train
zujvufthwo.mp4,FAKE,train
dkjbvvybxj.mp4,REAL,train
nehyqroszo.mp4,FAKE,train
uvvwsvgsax.mp4,FAKE,train
qltxzfmikv.mp4,FAKE,train
edzgjmnyul.mp4,FAKE,train
msrewkfzwq.mp4,FAKE,train
mrhyjedgkq.mp4,FAKE,train
uymmcdurdl.mp4,FAKE,train
bwbptvsuyr.mp4,REAL,train
eggzqfbjti.mp4,FAKE,train
wyqaueyxfu.mp4,FAKE,train
qcnbrwmhyg.mp4,FAKE,train
evrxbzvqbj.mp4,REAL,train
cldionzwzs.mp4,FAKE,train
qqsadmeqrr.mp4,FAKE,train
satxaprmer.mp4,FAKE,train
tbfdekkqhb.mp4,FAKE,train
nefaglbonh.mp4,REAL,train
eytntqdzqp.mp4,FAKE,train
huypfznxby.mp4,FAKE,train
umynsbiwmj.mp4,FAKE,train
qclxwzxhxw.mp4,FAKE,train
pmkndqwira.mp4,REAL,train
oitufpplvc.mp4,FAKE,train
iwtthhjhkj.mp4,FAKE,train
utxjkofcdy.mp4,FAKE,train
gdjcfraspf.mp4,FAKE,train
fhtzzfysws.mp4,FAKE,train
luqalxrheg.mp4,FAKE,train
hzuwunbsks.mp4,FAKE,train
doflmqmoba.mp4,FAKE,train
remsnfztja.mp4,REAL,train
frvdcftraa.mp4,FAKE,train
dexiaeuqha.mp4,FAKE,train
iltvdlztnh.mp4,FAKE,train
xwsspafkcw.mp4,FAKE,train
ikaevqrstt.mp4,FAKE,train
obtjplezut.mp4,FAKE,train
ixhmtubtle.mp4,FAKE,train
cguqnbnfut.mp4,REAL,train
jfuucsoeeb.mp4,FAKE,train
tdqbywglvo.mp4,FAKE,train
vynnfkykky.mp4,FAKE,train
fpnpifwtok.mp4,FAKE,train
alhsvhumdw.mp4,FAKE,train
aabgnwnqba.mp4,FAKE,train
mdqrrbvhus.mp4,FAKE,train
osvnsqtdrf.mp4,REAL,train
jzlfdmhrvo.mp4,FAKE,train
vcdqjbfacm.mp4,FAKE,train
rbkgvkadij.mp4,FAKE,train
tydhmmabra.mp4,FAKE,train
djoftlruau.mp4,REAL,train
ueaohhmcwb.mp4,FAKE,train
eishoprydk.mp4,FAKE,train
lbppsmfyvw.mp4,REAL,train
ywjedtnqak.mp4,FAKE,train
pnahiwqhrj.mp4,FAKE,train
umixsrabzn.mp4,FAKE,train
qefjahzqjx.mp4,REAL,train
xaxzeplffo.mp4,REAL,train
nymrpnrnzi.mp4,FAKE,train
zwhtwpmkxf.mp4,FAKE,train
kdigpctszt.mp4,FAKE,train
hymsjxkymd.mp4,FAKE,train
vvkqhedpgs.mp4,REAL,train
ozqgkfxzfn.mp4,FAKE,train
phmagcfdjt.mp4,FAKE,train
ekhuvtncnw.mp4,FAKE,train
lbaizmwrdl.mp4,FAKE,train
zvxvxfachh.mp4,FAKE,train
znsdvhdxbv.mp4,FAKE,train
tesxlcozsx.mp4,FAKE,train
zsjokqhyrc.mp4,FAKE,train
fxspxyuxpj.mp4,FAKE,train
kwtnafmicd.mp4,FAKE,train
fsdeyqdans.mp4,FAKE,train
phxwzvjuep.mp4,REAL,train
hhbwkivspg.mp4,FAKE,train
dignydiols.mp4,FAKE,train
ifstpkkgsy.mp4,FAKE,train
wfuhqjbxtg.mp4,FAKE,train
dtqfqfddgh.mp4,REAL,train
cgsfbxlndd.mp4,FAKE,train
rrwmqtpbdr.mp4,FAKE,train
tdzqkcamch.mp4,FAKE,train
mxvpjakqvl.mp4,REAL,train
wziytovzdg.mp4,FAKE,train
hinocozqaq.mp4,FAKE,train
gbfrvlkbjv.mp4,FAKE,train
whazyyyaba.mp4,FAKE,train
pvnzajnwxz.mp4,FAKE,train
bexirkzrhv.mp4,FAKE,train
brjgfdmuha.mp4,FAKE,train
yatkmpftdb.mp4,FAKE,train
zraocmrlqd.mp4,REAL,train
aylzurqmmr.mp4,FAKE,train
kdrmdjcktg.mp4,FAKE,train
uzrnppkdtl.mp4,FAKE,train
vxdczbejse.mp4,FAKE,train
ekkkuvrqso.mp4,FAKE,train
dztucuwgpi.mp4,FAKE,train
ghhgflrjpe.mp4,FAKE,train
yzptdnjime.mp4,FAKE,train
diagymsuhz.mp4,REAL,train
rpunznztmv.mp4,FAKE,train
qvsccggoyi.mp4,FAKE,train
zxhamskdfc.mp4,REAL,train
yinzndedcy.mp4,FAKE,train
luxltzdvjo.mp4,REAL,train
jivjhcomtm.mp4,FAKE,train
ufztcqwftt.mp4,REAL,train
rchvxtfiws.mp4,FAKE,train
gonkwpeqkk.mp4,FAKE,train
ugkkyacovg.mp4,FAKE,train
cexlfcumbe.mp4,FAKE,train
gbujloqzbk.mp4,FAKE,train
wcijccsuwx.mp4,REAL,train
nrryctkldj.mp4,FAKE,train
dyqpeliimv.mp4,FAKE,train
jhowlvsuzw.mp4,FAKE,train
lltrotfarq.mp4,FAKE,train
rydkaduotj.mp4,FAKE,train
ckmutjwucm.mp4,FAKE,train
rooqurubia.mp4,FAKE,train
gkyszngwwt.mp4,FAKE,train
ttcfoartvz.mp4,FAKE,train
rbuqsirnxh.mp4,FAKE,train
vigdsuezrg.mp4,FAKE,train
zlihduzoul.mp4,FAKE,train
xnlplanvyz.mp4,REAL,train
khjycbrlhn.mp4,FAKE,train
oitzjesvlx.mp4,FAKE,train
plexynljoa.mp4,FAKE,train
nxedafmmyx.mp4,REAL,train
bexggkibht.mp4,FAKE,train
llsthnvqyr.mp4,FAKE,train
igeazbecmj.mp4,FAKE,train
fizfrdlxrd.mp4,FAKE,train
wsrahogrkd.mp4,FAKE,train
girghalxfh.mp4,FAKE,train
szbxckefdt.mp4,FAKE,train
zjrsiwmzms.mp4,FAKE,train
zamtfgrvts.mp4,FAKE,train
fvhelqvjmw.mp4,REAL,train
llkiqwisnb.mp4,FAKE,train
bhpcqftpdm.mp4,FAKE,train
qfotvxlypn.mp4,FAKE,train
jliiylbwpj.mp4,FAKE,train
zlhmvhxdzz.mp4,FAKE,train
azuheondug.mp4,FAKE,train
zdckayghhi.mp4,REAL,train
znwlsmcgar.mp4,REAL,train
yzhvvgnihu.mp4,FAKE,train
gqbfotorcg.mp4,FAKE,train
qijfwydmuw.mp4,FAKE,train
hdypzazeks.mp4,FAKE,train
lahrfljpue.mp4,FAKE,train
bvzxdqpuzz.mp4,FAKE,train
acomtivxdw.mp4,FAKE,train
rlrhgbpyol.mp4,FAKE,train
tvhmzzlgbt.mp4,FAKE,train
qaicgyflnw.mp4,FAKE,train
xnxfrzkkwo.mp4,FAKE,train
pahullrcpj.mp4,FAKE,train
oiremrvjbs.mp4,FAKE,train
zatmdyjfxd.mp4,FAKE,train
oktcujefyf.mp4,FAKE,train
cmzgqumtko.mp4,FAKE,train
zgiyybvgdy.mp4,FAKE,train
udcixxbaef.mp4,FAKE,train
jkdxvhjxdg.mp4,FAKE,train
ymqanfgdzx.mp4,FAKE,train
rgznjgwxzj.mp4,REAL,train
cucaawfemy.mp4,FAKE,train
qranzyoqdn.mp4,FAKE,train
haaktoickz.mp4,FAKE,train
vuzgbspuag.mp4,FAKE,train
vjipcihnos.mp4,REAL,train
qkxfibnahs.mp4,REAL,train
dnakbmafvh.mp4,FAKE,train
ieogyyjueb.mp4,FAKE,train
pqhoujdeco.mp4,REAL,train
pytasbxgag.mp4,FAKE,train
kinjihgcbo.mp4,FAKE,train
xmnxvpprpy.mp4,REAL,train
dnfgmxwsya.mp4,FAKE,train
lqdilzikre.mp4,FAKE,train
mzvcxlwrcu.mp4,FAKE,train
atloxhcthr.mp4,FAKE,train
cahhitfisu.mp4,FAKE,train
azxasdagie.mp4,FAKE,train
nycjijfkvc.mp4,REAL,train
gjrozufnaj.mp4,REAL,train
roqucblbhe.mp4,FAKE,train
wgdgtysmab.mp4,FAKE,train
vynuuilfqu.mp4,FAKE,train
wuiabpdxjy.mp4,FAKE,train
jrjutcqvfb.mp4,FAKE,train
dedfmnngpk.mp4,FAKE,train
yfjhmblyxs.mp4,REAL,train
tjvfjghbhc.mp4,FAKE,train
cocrpazpna.mp4,FAKE,train
svytpoqmoa.mp4,FAKE,train
cdrhefkzxo.mp4,FAKE,train
oiysuizjdo.mp4,REAL,train
wswreaygcq.mp4,FAKE,train
dssjgsuapw.mp4,FAKE,train
hlvzdttqrz.mp4,FAKE,train
gelawavgpw.mp4,REAL,train
hcbezutlsl.mp4,FAKE,train
tdgnrrdvba.mp4,FAKE,train
aurzklcfsd.mp4,FAKE,train
ahfpbtfydo.mp4,FAKE,train
jfcimzbqag.mp4,FAKE,train
oeiqpnagyp.mp4,FAKE,train
dgszotyamt.mp4,REAL,train
elforujjyi.mp4,FAKE,train
icltgnaluy.mp4,FAKE,train
qtqaqwekux.mp4,FAKE,train
tdlkukhaqq.mp4,FAKE,train
kcbysujhqs.mp4,FAKE,train
fpscxiutxe.mp4,FAKE,train
eqcwfzjhfi.mp4,REAL,train
whnudzrizn.mp4,REAL,train
tsoornnftj.mp4,FAKE,train
ihywkcualp.mp4,FAKE,train
gqgijxslhs.mp4,FAKE,train
ypchqlxdei.mp4,REAL,train
mjvnjsjyny.mp4,REAL,train
tnfpyjngnd.mp4,FAKE,train
lhpdjvxthq.mp4,FAKE,train
sblwccdbrm.mp4,REAL,train
dgtltvrqzw.mp4,REAL,train
xnprhafruz.mp4,FAKE,train
gpnsczhiso.mp4,FAKE,train
jzvyavgiki.mp4,FAKE,train
hhitzafuoo.mp4,FAKE,train
kwhqaregef.mp4,FAKE,train
ccwabydkuh.mp4,FAKE,train
luugalwkfa.mp4,FAKE,train
nxglbjayqa.mp4,FAKE,train
sjegpgmtmn.mp4,FAKE,train
jotvywsnym.mp4,FAKE,train
qmydljemri.mp4,FAKE,train
ezjqyugalp.mp4,FAKE,train
teorkehqpe.mp4,FAKE,train
gnxgzmbcdr.mp4,REAL,train
nysvmlbgmq.mp4,FAKE,train
unvvprbgom.mp4,FAKE,train
rhifjirdzn.mp4,FAKE,train
dullbimwjp.mp4,FAKE,train
ouwyjdtqwq.mp4,REAL,train
akvvvtlenq.mp4,FAKE,train
innaeobksi.mp4,FAKE,train
jqpoqqthyk.mp4,FAKE,train
vuglqfigbk.mp4,FAKE,train
gbdkebpcnc.mp4,FAKE,train
vfilhflcke.mp4,REAL,train
diocfoujvj.mp4,REAL,train
fhfcleoirs.mp4,FAKE,train
jcjbdrluyb.mp4,FAKE,train
azuoanakpi.mp4,FAKE,train
oclqvwqvwf.mp4,REAL,train
bnyiryeqxf.mp4,FAKE,train
dgoamvqzki.mp4,REAL,train
vgzexvdwxv.mp4,FAKE,train
reqapkhajz.mp4,FAKE,train
jhevyvqqyp.mp4,FAKE,train
vgcmsahofy.mp4,FAKE,train
ykpndjgerb.mp4,FAKE,train
pmvliwxozn.mp4,REAL,train
wrgtoanwvm.mp4,FAKE,train
czaqetolzt.mp4,FAKE,train
fjszwtqjwj.mp4,FAKE,train
oofprjtqiq.mp4,FAKE,train
ssyqrcivva.mp4,FAKE,train
zxswdwuogm.mp4,FAKE,train
torxncfkrj.mp4,FAKE,train
dvgnnrwqne.mp4,FAKE,train
cqfcupulef.mp4,FAKE,train
vdntxzmxgk.mp4,FAKE,train
rgmrwsxlxw.mp4,FAKE,train
itadbziowf.mp4,FAKE,train
wuylpubnjt.mp4,FAKE,train
kondrgiemw.mp4,FAKE,train
jmodyiocdx.mp4,REAL,train
zcekvcpzaf.mp4,FAKE,train
tpasegbttb.mp4,FAKE,train
lorefjdfie.mp4,FAKE,train
otkmoahrcb.mp4,FAKE,train
fnassvbmfl.mp4,REAL,train
fqmvlxcxmr.mp4,FAKE,train
mmdbkjwraz.mp4,FAKE,train
dsqxrkgmnr.mp4,FAKE,train
cnbjnlfeft.mp4,FAKE,train
gsnkjyqwps.mp4,FAKE,train
zkrlvwigbl.mp4,REAL,train
syrqidpqrj.mp4,FAKE,train
ngkwnaqkcw.mp4,FAKE,train
kbcakqswjc.mp4,REAL,train
ifgjbjeuvj.mp4,FAKE,train
ivngdkjxcj.mp4,FAKE,train
hvnoosojzi.mp4,FAKE,train
cngrcqfmef.mp4,FAKE,train
fpcotrphmr.mp4,REAL,train
umxnblngtb.mp4,FAKE,train
yhxmzyqplp.mp4,FAKE,train
wvvpqxdlmr.mp4,FAKE,train
bjtefjcnqi.mp4,FAKE,train
qeehyzgisi.mp4,FAKE,train
ywewsmrynk.mp4,FAKE,train
okpzntrqkc.mp4,FAKE,train
oxvdzzizbj.mp4,REAL,train
fmhdgrbcwg.mp4,FAKE,train
pefqwgnptw.mp4,FAKE,train
qrqywgvnzu.mp4,FAKE,train
wvgwvktvzb.mp4,REAL,train
tynmvmtvbv.mp4,REAL,train
spyqjhzpcy.mp4,REAL,train
jalmxdivsh.mp4,FAKE,train
tadwydnrjy.mp4,FAKE,train
zejvtwddac.mp4,FAKE,train
dxbdmugyxi.mp4,FAKE,train
zblhwvbaze.mp4,FAKE,train
mkljsbyaro.mp4,FAKE,train
ezcpxwleel.mp4,REAL,train
jvgiztupzp.mp4,FAKE,train
nfbqtphesv.mp4,REAL,train
dbzkcskatw.mp4,FAKE,train
vsumphqlvu.mp4,FAKE,train
cyyvngscuu.mp4,FAKE,train
iixyjcgzpw.mp4,FAKE,train
ruyhmbksig.mp4,FAKE,train
gqqwyepgsv.mp4,FAKE,train
siydemvysq.mp4,REAL,train
ttnvzvoyum.mp4,FAKE,train
erygqryaay.mp4,FAKE,train
bgcdzljbvs.mp4,FAKE,train
tyyhrqvnry.mp4,FAKE,train
chbzgddmss.mp4,REAL,train
oopnmglwac.mp4,FAKE,train
ajvtuefnpi.mp4,REAL,train
qemtxrlujo.mp4,FAKE,train
rpuzuvxdpu.mp4,REAL,train
kquayldfeb.mp4,FAKE,train
qxehrxcsif.mp4,FAKE,train
gfmpiplnhe.mp4,REAL,train
dasjndgvcs.mp4,REAL,train
qknrjwuotr.mp4,REAL,train
ujrszwqqkx.mp4,FAKE,train
yxsqpqcqbb.mp4,FAKE,train
dhjkbdtpui.mp4,REAL,train
lbvmexxafz.mp4,FAKE,train
yhzxcvhade.mp4,FAKE,train
vxefrkhezg.mp4,REAL,train
ienkuvllaf.mp4,REAL,train
cqwsblloon.mp4,FAKE,train
zkvngcfjoe.mp4,FAKE,train
kuvauwlhcg.mp4,REAL,train
xqwsvfuvui.mp4,FAKE,train
azjeanuzpe.mp4,FAKE,train
wuucxbsnok.mp4,REAL,train
chfuqvtudi.mp4,FAKE,train
zryazbhhpn.mp4,FAKE,train
gfqaqqwrne.mp4,FAKE,train
tstfombuow.mp4,FAKE,train
kqivuqbpad.mp4,FAKE,train
cugtrhruer.mp4,REAL,train
wfeggehgfn.mp4,FAKE,train
pflxnexhbv.mp4,FAKE,train
ppjymfqupj.mp4,FAKE,train
fvbqrkdvmz.mp4,FAKE,train
xsrbccytqi.mp4,FAKE,train
kptybpvpxf.mp4,REAL,train
iwhuqugcum.mp4,FAKE,train
eyitbxcakn.mp4,REAL,train
wltinokmmo.mp4,REAL,train
wkhkbcmdpv.mp4,FAKE,train
nvoqeoqzhs.mp4,FAKE,train
bwrwssyltx.mp4,FAKE,train
eojnrocwyu.mp4,FAKE,train
opqhcojlvy.mp4,FAKE,train
yvqquosrbf.mp4,FAKE,train
hjqwdpoasa.mp4,FAKE,train
jvgeqnmwmz.mp4,FAKE,train
hpepttbpqu.mp4,REAL,train
wrsypvucwq.mp4,REAL,train
xhjltahzgs.mp4,FAKE,train
mpumrumehj.mp4,FAKE,train
uctbxbimav.mp4,FAKE,train
iraeybzebd.mp4,FAKE,train
aofpyyamme.mp4,REAL,train
xenoqncbcr.mp4,FAKE,train
slwzsvwbqz.mp4,FAKE,train
tcpnhavbrf.mp4,FAKE,train
wzkespuign.mp4,FAKE,train
qqoffwakaw.mp4,FAKE,train
davocwwzhg.mp4,FAKE,train
inpdbngrai.mp4,FAKE,train
foduvthzgm.mp4,REAL,train
omkvaclfcz.mp4,FAKE,train
zwfhleykpi.mp4,REAL,train
foeqclgypj.mp4,FAKE,train
bgtjwkpzec.mp4,REAL,train
qhpaohnalk.mp4,FAKE,train
nthudnaozl.mp4,FAKE,train
jlqtxuyefy.mp4,REAL,train
yunjtimhsm.mp4,FAKE,train
zilqngcakp.mp4,REAL,train
xkrloldqad.mp4,REAL,train
kjizlyyior.mp4,FAKE,train
qauypppugu.mp4,FAKE,train
bylhbevqxy.mp4,FAKE,train
ypmwyxlfvn.mp4,FAKE,train
afjmjzmdkp.mp4,REAL,train
gajmilwswj.mp4,REAL,train
aycgxsaqgi.mp4,REAL,train
dsubvafgyh.mp4,REAL,train
olgaicgeax.mp4,FAKE,train
khfofkuihm.mp4,FAKE,train
wpusruriml.mp4,REAL,train
hkxbtyuutg.mp4,FAKE,train
rshhxfrjwh.mp4,FAKE,train
aqqnrypxni.mp4,FAKE,train
muwwmmhpzf.mp4,REAL,train
totuynbejy.mp4,FAKE,train
zkhrbpkcmt.mp4,REAL,train
surwoyeyjg.mp4,FAKE,train
einkcqgdlf.mp4,REAL,train
mjaazuoqfh.mp4,REAL,train
wlxqifkqhv.mp4,FAKE,train
siuwdunegb.mp4,REAL,train
txjxlaiaey.mp4,FAKE,train
tvnssyoqqv.mp4,FAKE,train
xibtfhsvyw.mp4,REAL,train
uywmnyrwff.mp4,FAKE,train
byhrwehemb.mp4,REAL,train
ejfpkbojld.mp4,FAKE,train
cgffujtzjr.mp4,FAKE,train
irhthgpkcx.mp4,FAKE,train
luymqojsos.mp4,FAKE,train
pskhcdanob.mp4,FAKE,train
fyuobqsptd.mp4,REAL,train
mqdfitguqe.mp4,REAL,train
qbrugtuuqo.mp4,FAKE,train
agbavyxjhd.mp4,REAL,train
zhboshabwb.mp4,FAKE,train
gaqudepjtw.mp4,REAL,train
ytqbluftbg.mp4,FAKE,train
leuxqndrwq.mp4,FAKE,train
ixgycxoate.mp4,REAL,train
zmjkexlnry.mp4,REAL,train
faqiazrleg.mp4,FAKE,train
ooplcrcwpg.mp4,REAL,train
qklhvwavad.mp4,REAL,train
tzxivnjskh.mp4,REAL,train
hjlbgudjqv.mp4,FAKE,train
oxbhnctrva.mp4,FAKE,train
dhankauxvn.mp4,FAKE,train
tdkloqlmkr.mp4,FAKE,train
dyrgnpkgmc.mp4,REAL,train
rhdefwaryk.mp4,FAKE,train
mhzvjqacfd.mp4,FAKE,train
uksgsyodam.mp4,FAKE,train
ynrkmuoaza.mp4,FAKE,train
tsbpwarhse.mp4,FAKE,train
ppsvxlgzgt.mp4,FAKE,train
mxvjutzfhf.mp4,FAKE,train
oodmaihbgq.mp4,FAKE,train
ccgviopwhw.mp4,FAKE,train
vflgpfrofk.mp4,REAL,train
icloodhsss.mp4,FAKE,train
twepznqdsk.mp4,FAKE,train
pqmoclnmka.mp4,REAL,train
wjmfgqxkge.mp4,FAKE,train
bwjpicfmef.mp4,FAKE,train
vebpwqhssp.mp4,FAKE,train
tkxemlhsdi.mp4,FAKE,train
ksirojbwzg.mp4,FAKE,train
svhfxjlmov.mp4,FAKE,train
wqejmmrdlc.mp4,FAKE,train
ssqzjuhylc.mp4,REAL,train
ckljphoora.mp4,FAKE,train
dzeqnzgwae.mp4,FAKE,train
fvrxvzfjxq.mp4,FAKE,train
kaqnldflbz.mp4,FAKE,train
wcmdngxlzi.mp4,FAKE,train
tagsbwsrvy.mp4,FAKE,train
ooslortawx.mp4,FAKE,train
szcjqbissu.mp4,FAKE,train
sqhtgseatf.mp4,FAKE,train
khpotafrqx.mp4,FAKE,train
vgsfcmmmjz.mp4,FAKE,train
tcgluewbfg.mp4,FAKE,train
popofupbwe.mp4,FAKE,train
xordkkatfr.mp4,FAKE,train
nfqihxdzjq.mp4,FAKE,train
sxzqdaiulo.mp4,REAL,train
btblynpcuu.mp4,FAKE,train
fncenesahd.mp4,FAKE,train
kiibbbtaau.mp4,REAL,train
ozxjhblotg.mp4,REAL,train
nseltleptq.mp4,FAKE,train
yhxgxxfcth.mp4,FAKE,train
rnzvomaldt.mp4,REAL,train
ndhigthhzm.mp4,FAKE,train
mdolmcykxz.mp4,REAL,train
sxqroedlhr.mp4,REAL,train
oordpcvddy.mp4,REAL,train
kticvunuab.mp4,FAKE,train
ywlrptiwec.mp4,FAKE,train
ymcilvyooo.mp4,REAL,train
dsgimzmcjo.mp4,REAL,train
uqrgyoozvq.mp4,REAL,train
cuabanvwfg.mp4,FAKE,train
vwxbtjppjl.mp4,FAKE,train
pyujsaxume.mp4,FAKE,train
rrrndlfftv.mp4,REAL,train
qhlftgpmai.mp4,FAKE,train
dfvnusznlr.mp4,REAL,train
qqhnpgzfxj.mp4,FAKE,train
pptoptpfoa.mp4,REAL,train
qdkjdzvoes.mp4,REAL,train
isdsmlahqs.mp4,FAKE,train
akxweafppi.mp4,FAKE,train
jxncmhyizn.mp4,FAKE,train
imdtvkomro.mp4,REAL,train
kxhqkzzaxl.mp4,FAKE,train
vllviebxnr.mp4,FAKE,train
npxhjrnjyb.mp4,FAKE,train
oynowyqypi.mp4,FAKE,train
gknoryqggc.mp4,FAKE,train
ojjdcomvfn.mp4,FAKE,train
uwmgsskeay.mp4,FAKE,train
oynyglnxzk.mp4,REAL,train
wrijjkfndl.mp4,FAKE,train
imvcyiurwe.mp4,FAKE,train
ghsvaypraa.mp4,REAL,train
ktbxvmcpqm.mp4,REAL,train
znwcfojslw.mp4,FAKE,train
czqrqaztxb.mp4,FAKE,train
kfgsqjstds.mp4,FAKE,train
qbeagpoffg.mp4,FAKE,train
qugvtlmmgt.mp4,FAKE,train
sapkjpexcu.mp4,REAL,train
xdfflhjcef.mp4,FAKE,train
ylvppinesp.mp4,REAL,train
sbswpedlgt.mp4,FAKE,train
bjqqzablga.mp4,REAL,train
uqrtkvkwdu.mp4,REAL,train
nnrntxpckq.mp4,FAKE,train
piorfwffxx.mp4,FAKE,train
filipcuviz.mp4,FAKE,train
rbycjeiqmv.mp4,REAL,train
ddqgdrpvkm.mp4,REAL,train
kmxdgdvmql.mp4,REAL,train
ncrtvxdnmb.mp4,FAKE,train
zcuysatpfz.mp4,FAKE,train
fptwpxadrf.mp4,REAL,train
krlhfgtjgr.mp4,FAKE,train
kyjfrkwzmy.mp4,FAKE,train
ghrtrdpihj.mp4,FAKE,train
wvsiixsqhe.mp4,FAKE,train
xcczivkikc.mp4,REAL,train
jbvykcutef.mp4,REAL,train
habbjoltqj.mp4,FAKE,train
vdusoqmoyq.mp4,FAKE,train
wyqwldnvqc.mp4,REAL,train
irbrcmywek.mp4,FAKE,train
cszqqaesif.mp4,REAL,train
ofiaecwslg.mp4,FAKE,train
epadwwdiqg.mp4,FAKE,train
eufjuiauuq.mp4,REAL,train
xgkoyuitgi.mp4,FAKE,train
elubhywzzv.mp4,FAKE,train
nvfkbbncah.mp4,FAKE,train
yjqvjuekuz.mp4,FAKE,train
mcusepildv.mp4,FAKE,train
qltwksifcp.mp4,FAKE,train
cxvgeiybme.mp4,FAKE,train
kcifrwuwih.mp4,FAKE,train
mkzdedcnxs.mp4,FAKE,train
czbskzaaqg.mp4,REAL,train
pcjztfcqbz.mp4,REAL,train
gpbozxaeok.mp4,FAKE,train
giejrvilhz.mp4,FAKE,train
nviqscyhuy.mp4,REAL,train
weyobbfsyi.mp4,FAKE,train
uybtwxcirb.mp4,FAKE,train
xnctbdxocm.mp4,FAKE,train
ltwjnjafld.mp4,FAKE,train
esbjhebefl.mp4,FAKE,train
ksndksdtpn.mp4,REAL,train
iiwlitxnjv.mp4,FAKE,train
rrbnvosigo.mp4,FAKE,train
xggnohwiwt.mp4,FAKE,train
oepotttwuk.mp4,FAKE,train
seqqibgwjy.mp4,FAKE,train
fieohlhzwp.mp4,REAL,train
wzlperlkzu.mp4,FAKE,train
phjzjjposx.mp4,FAKE,train
sfbfoapvim.mp4,FAKE,train
zwqirzntgt.mp4,FAKE,train
wdhuwccdoa.mp4,FAKE,train
pnyvaspzbc.mp4,FAKE,train
xleadejchd.mp4,REAL,train
ftxtkaolsk.mp4,FAKE,train
eljzpanwfo.mp4,FAKE,train
jdoekxclgz.mp4,REAL,train
yipcjmhaho.mp4,FAKE,train
qdkqbcvbhx.mp4,FAKE,train
zotoexpcot.mp4,FAKE,train
smbgqxpuuz.mp4,REAL,train
lhzupqwwyw.mp4,FAKE,train
uasfuejxjq.mp4,FAKE,train
wtlbvxygla.mp4,FAKE,train
ztrkdtlvwl.mp4,FAKE,train
wzbjskhmtr.mp4,FAKE,train
nozcnwhwmr.mp4,FAKE,train
wnqlzimgbg.mp4,REAL,train
tpzxewnpyt.mp4,FAKE,train
ampuawncsg.mp4,REAL,train
nhibxybdec.mp4,FAKE,train
wobswanamd.mp4,FAKE,train
esfqmozfto.mp4,FAKE,train
powtgmqzjf.mp4,FAKE,train
bywosxcnwm.mp4,FAKE,train
nmdmfmqztf.mp4,REAL,train
bpqydkfgbs.mp4,FAKE,train
bcbvgnidic.mp4,FAKE,train
tujmugpbrc.mp4,REAL,train
foibohwkqb.mp4,FAKE,train
tglgtnseox.mp4,REAL,train
wxvqlamqgl.mp4,REAL,train
pwjvtymoel.mp4,FAKE,train
zgqcqzzyxb.mp4,REAL,train
pkmfyrunvb.mp4,FAKE,train
katekmmpel.mp4,FAKE,train
cazbojkyjz.mp4,FAKE,train
aatlprhwxl.mp4,REAL,train
phgflxgihn.mp4,FAKE,train
wjjeonpdjl.mp4,FAKE,train
rcykreuhop.mp4,FAKE,train
kngvfkigcp.mp4,FAKE,train
cglpzcmgeo.mp4,REAL,train
djbvorgtrq.mp4,REAL,train
bpzpradokb.mp4,FAKE,train
rjudlivnao.mp4,FAKE,train
zyrqmfanrq.mp4,REAL,train
dsfebkcuru.mp4,FAKE,train
gqnzmlmtho.mp4,REAL,train
lpqyzjaxzi.mp4,REAL,train
nqpheccrju.mp4,FAKE,train
xpmowtezpr.mp4,REAL,train
pdaykkhfyp.mp4,FAKE,train
rsvtkzxufe.mp4,FAKE,train
phkpsptxrt.mp4,FAKE,train
jfoqcidgbl.mp4,FAKE,train
nfjggywdum.mp4,REAL,train
ujgzcxwpdx.mp4,FAKE,train
bepqosfgtm.mp4,FAKE,train
tvdymfxwzp.mp4,FAKE,train
rjdgekljgm.mp4,FAKE,train
ikkivspaft.mp4,REAL,train
xbyqmnxygz.mp4,REAL,train
kblzgrqbmm.mp4,FAKE,train
gnvamzvbpb.mp4,REAL,train
dgaihddirb.mp4,REAL,train
fdapjswpio.mp4,REAL,train
mhqqvkaewa.mp4,FAKE,train
leampwttka.mp4,REAL,train
ueovyeengl.mp4,FAKE,train
sbjxvrdjhz.mp4,FAKE,train
pxlvssqqqn.mp4,FAKE,train
gtpdnjqqws.mp4,FAKE,train
tnyhsiwwsc.mp4,FAKE,train
ircsmgmpxv.mp4,FAKE,train
mvfnwtwktp.mp4,FAKE,train
hvbnoppmsd.mp4,FAKE,train
duyssckgzs.mp4,FAKE,train
mzvqpjgcpx.mp4,FAKE,train
vnxupuryad.mp4,REAL,train
tuxqumwqtr.mp4,FAKE,train
rrtsqgulba.mp4,FAKE,train
jngdqydaal.mp4,REAL,train
frqejhoztf.mp4,FAKE,train
dbakbevirv.mp4,FAKE,train
xaftlwfrnx.mp4,REAL,train
lkyfwfpjjz.mp4,FAKE,train
ajusgabgcr.mp4,REAL,train
nsvaeuebhc.mp4,FAKE,train
vfaunzkssf.mp4,FAKE,train
cinygkllvv.mp4,FAKE,train
obkcgwegfm.mp4,REAL,train
qrvptemnso.mp4,REAL,train
hrbxywlyyt.mp4,FAKE,train
ewhdbhzmlr.mp4,REAL,train
qryzwdkszk.mp4,FAKE,train
evsmwusbox.mp4,FAKE,train
bqpyatbfsb.mp4,FAKE,train
mwmaekdlev.mp4,FAKE,train
afndtsydmt.mp4,FAKE,train
ldfihrnstj.mp4,REAL,train
vpwberkmsj.mp4,FAKE,train
mnvpcrupxd.mp4,FAKE,train
stgzugxypy.mp4,FAKE,train
dbtjnvpphe.mp4,FAKE,train
lnapjsfsrb.mp4,FAKE,train
nyzzogaxfk.mp4,REAL,train
uzntskwlar.mp4,FAKE,train
crvmhykxki.mp4,FAKE,train
pvfgokembu.mp4,FAKE,train
dzmjdnpvsc.mp4,REAL,train
qseioligxt.mp4,FAKE,train
qcwfxjoktn.mp4,FAKE,train
kezlksyprh.mp4,FAKE,train
qnlbcsnxvb.mp4,FAKE,train
wubxcfyiud.mp4,REAL,train
vizcdbkjmo.mp4,FAKE,train
dgerrnwvxl.mp4,REAL,train
oclfbskmhx.mp4,FAKE,train
zcxatsweza.mp4,FAKE,train
ruyidcwgyz.mp4,REAL,train
rqcspvxxrs.mp4,FAKE,train
wngqvkmiwe.mp4,FAKE,train
rfpmritkaq.mp4,FAKE,train
xpqatmhgyr.mp4,FAKE,train
acuqtxhvhc.mp4,REAL,train
mmgmgdtkxf.mp4,REAL,train
wrygcoymnd.mp4,REAL,train
zsxvikynhi.mp4,REAL,train
egedxqsldk.mp4,FAKE,train
bqtnaozkjr.mp4,REAL,train
dviudfholf.mp4,FAKE,train
mqgssfwold.mp4,FAKE,train
whsejdjtsv.mp4,FAKE,train
wgueijbvcs.mp4,FAKE,train
ymuufhthca.mp4,REAL,train
dbyavdtnns.mp4,REAL,train
nclmfksxsl.mp4,FAKE,train
eekjyzjxyx.mp4,FAKE,train
nsrkxszxew.mp4,FAKE,train
awliruqjkd.mp4,FAKE,train
himagzwcnu.mp4,REAL,train
nmzogypaew.mp4,FAKE,train
hlewwfiwzk.mp4,REAL,train
oaefhzfppb.mp4,FAKE,train
pxhgktplnn.mp4,FAKE,train
tbellhyoxs.mp4,FAKE,train
aapievvnuu.mp4,REAL,train
yvbpxarwjl.mp4,FAKE,train
fqnibqdfly.mp4,FAKE,train
xnklblizyu.mp4,FAKE,train
rdqqxrhfmz.mp4,FAKE,train
dstzgzpqwj.mp4,FAKE,train
ovorerqvmd.mp4,FAKE,train
kypbxaowwj.mp4,FAKE,train
dcnmoepllz.mp4,FAKE,train
rwtdszgykp.mp4,FAKE,train
ffvqburvck.mp4,FAKE,train
cqdytnllfm.mp4,REAL,train
yezpgokanb.mp4,FAKE,train
oiwcusszoz.mp4,FAKE,train
kzyejtxbud.mp4,FAKE,train
hgiwlepbte.mp4,REAL,train
pctvgacdmp.mp4,FAKE,train
raodkuhsdj.mp4,REAL,train
hrbslndovp.mp4,FAKE,train
uywaxmjjzq.mp4,FAKE,train
yfjswfzogx.mp4,FAKE,train
jsxfcybqpn.mp4,REAL,train
ztmaswitsf.mp4,FAKE,train
mopzomybjd.mp4,FAKE,train
dcxdrzwppb.mp4,FAKE,train
hadssbtpsu.mp4,FAKE,train
jzvyysjsdw.mp4,REAL,train
buyvxbrqsc.mp4,FAKE,train
fhbfkmutjb.mp4,REAL,train
ejkjohjxag.mp4,REAL,train
tcclxoxpwb.mp4,FAKE,train
nczylceavu.mp4,FAKE,train
decpocsuhd.mp4,REAL,train
fspoetivgb.mp4,FAKE,train
fqhbmravfr.mp4,FAKE,train
vmgfoxxmhx.mp4,FAKE,train
owhdyzbsot.mp4,FAKE,train
hlxdakqrmy.mp4,FAKE,train
mnfcaoqvkd.mp4,FAKE,train
ttorjyfhxq.mp4,FAKE,train
whzdpvroaf.mp4,FAKE,train
frbnktgfor.mp4,FAKE,train
btpkpovlba.mp4,REAL,train
xthobrrdnn.mp4,REAL,train
etvneeiqel.mp4,FAKE,train
zovbjaovsc.mp4,FAKE,train
yinwzittws.mp4,REAL,train
voovatsqet.mp4,REAL,train
uukvoagswe.mp4,FAKE,train
karzkohlnx.mp4,REAL,train
emfpiridro.mp4,FAKE,train
jgseqihdbs.mp4,FAKE,train
hahfniezou.mp4,FAKE,train
xvymkpbfno.mp4,FAKE,train
urxizgowsj.mp4,REAL,train
zxtljjyalk.mp4,FAKE,train
wvvhsklwun.mp4,FAKE,train
dipkaieufh.mp4,FAKE,train
tygfcetojw.mp4,FAKE,train
clxkihahpw.mp4,FAKE,train
jzezhadlck.mp4,FAKE,train
yveesygnvv.mp4,REAL,train
erxjhlepfe.mp4,FAKE,train
qthhxdrnir.mp4,FAKE,train
sqztemxfte.mp4,REAL,train
fbrykfxtwn.mp4,REAL,train
mkypxmzqac.mp4,REAL,train
bovbpcdzjp.mp4,FAKE,train
bwioafgsxg.mp4,FAKE,train
imljyimrcs.mp4,FAKE,train
mbyruyvbyp.mp4,REAL,train
ridwvsdxzf.mp4,REAL,train
fzpafwcsyj.mp4,REAL,train
sbwubysmox.mp4,FAKE,train
oiawwtcfxf.mp4,REAL,train
bsmqhfbiau.mp4,FAKE,train
czzohqhadp.mp4,FAKE,train
hubsbjmmwe.mp4,REAL,train
biedigqtiw.mp4,FAKE,train
lshiryiwjs.mp4,REAL,train
hkudxpnjqa.mp4,FAKE,train
saejoxswaq.mp4,REAL,train
btozxiwphj.mp4,FAKE,train
kautnpexno.mp4,FAKE,train
cjpjfnxqbv.mp4,FAKE,train
jjprdmkbak.mp4,FAKE,train
jibkzdatek.mp4,REAL,train
rmeutxmbad.mp4,FAKE,train
zvrywcqiea.mp4,FAKE,train
sclhkvykgw.mp4,REAL,train
jwrarbxlpx.mp4,REAL,train
wttxitxhen.mp4,REAL,train
snulkitgac.mp4,REAL,train
gmyancpayq.mp4,FAKE,train
ulkmrwykqx.mp4,REAL,train
sckktwooft.mp4,REAL,train
nzukunrvnc.mp4,FAKE,train
qnkskuqvlo.mp4,FAKE,train
bgsokbksmw.mp4,REAL,train
unwqmtkhlc.mp4,FAKE,train
zdfonrohon.mp4,FAKE,train
qqeeqpsnfh.mp4,FAKE,train
qtmmyrzrbd.mp4,REAL,train
pmvhosomdy.mp4,FAKE,train
izjajzyszt.mp4,FAKE,train
iudfnpahid.mp4,REAL,train
scctwsfkxg.mp4,FAKE,train
hmmbzbwmdx.mp4,REAL,train
biyeiljrgv.mp4,FAKE,train
leufyqrcbz.mp4,FAKE,train
tlbvvcioge.mp4,FAKE,train
obtqawwaaj.mp4,REAL,train
ojrqmfkxcs.mp4,REAL,train
hjrksktoxs.mp4,REAL,train
gxyeiteetm.mp4,FAKE,train
lgiykrspyb.mp4,FAKE,train
mevxcbeuwy.mp4,FAKE,train
qryxdtpbvb.mp4,REAL,train
mxkfkuzosk.mp4,REAL,train
ogyxnnmlvn.mp4,FAKE,train
kficyqkhjg.mp4,FAKE,train
gukpcfwkuo.mp4,FAKE,train
oxxmrvwwxl.mp4,FAKE,train
yuxnighhox.mp4,REAL,train
mbfkiuzhpo.mp4,REAL,train
uufppmldvm.mp4,FAKE,train
hfpcityjtq.mp4,FAKE,train
hlzsuyfssv.mp4,REAL,train
rzvfckjjrw.mp4,FAKE,train
qzpzvieaia.mp4,FAKE,train
mcadrrcjlw.mp4,REAL,train
rdedmzpiwm.mp4,REAL,train
gfhjnvkwsp.mp4,REAL,train
zviumthfql.mp4,FAKE,train
ppqnqmccck.mp4,REAL,train
aagkcljeci.mp4,FAKE,train
fqfgrpunnu.mp4,FAKE,train
grknxfpkqz.mp4,FAKE,train
irivcxhvrf.mp4,REAL,train
njgpdwjvpz.mp4,FAKE,train
cflsquvdoh.mp4,REAL,train
vyxstuawio.mp4,FAKE,train
crczcrffvo.mp4,FAKE,train
osrnwbcemu.mp4,REAL,train
cyhvptketc.mp4,FAKE,train
cbodwzdvno.mp4,FAKE,train
hwaghurvci.mp4,FAKE,train
kzrcxxmwxt.mp4,FAKE,train
iytnvfizkp.mp4,FAKE,train
sqgvteugwr.mp4,REAL,train
czfqnzyfur.mp4,REAL,train
ihpewuxqzb.mp4,REAL,train
snibvogjja.mp4,FAKE,train
nuenpqzchb.mp4,FAKE,train
buobaexigp.mp4,FAKE,train
ubnjfybeou.mp4,FAKE,train
zymsgxbhpx.mp4,FAKE,train
qcfaclnzfu.mp4,FAKE,train
nlvafvpwgu.mp4,FAKE,train
vwshkghebv.mp4,FAKE,train
aducalsrif.mp4,REAL,train
gxlgmnmbqk.mp4,FAKE,train
qpdtegajev.mp4,FAKE,train
deymyrzssl.mp4,REAL,train
silzpeptcq.mp4,FAKE,train
cqoqshvwuy.mp4,FAKE,train
fpnrqskakv.mp4,FAKE,train
faaafavxjo.mp4,REAL,train
vdbxgdtmrp.mp4,REAL,train
vwyzyhetxt.mp4,REAL,train
upkytynpel.mp4,REAL,train
ezlpviyboj.mp4,FAKE,train
xzeagqhcvf.mp4,REAL,train
osigbttmxy.mp4,REAL,train
irdywayooz.mp4,FAKE,train
lqjechsnzg.mp4,REAL,train
cymymrhzgd.mp4,FAKE,train
bsggqpqhqm.mp4,REAL,train
mgpxxgvgbv.mp4,FAKE,train
ixedxyrbrm.mp4,REAL,train
dwsfreppjd.mp4,REAL,train
ktolivqnlx.mp4,REAL,train
cpeajrjkoa.mp4,REAL,train
kiqktgjxno.mp4,REAL,train
wcciqxrgmu.mp4,REAL,train
yzhrdoqqxk.mp4,REAL,train
fmnigmlbmo.mp4,REAL,train
imavfyqmvf.mp4,REAL,train
qcwotrrgbf.mp4,FAKE,train
uvsvcmktvi.mp4,FAKE,train
wjuslxjpyb.mp4,FAKE,train
tmmmzdfxod.mp4,REAL,train
jbfgwihmda.mp4,FAKE,train
eyamnjolnp.mp4,REAL,train
fdjgqumnut.mp4,REAL,train
yephtexyrr.mp4,REAL,train
rpltcilwga.mp4,FAKE,train
izlpwhzkuj.mp4,FAKE,train
efaqphwrbp.mp4,FAKE,train
mtcqkdyrba.mp4,FAKE,train
ovliwusmif.mp4,FAKE,train
bhmwkkxunf.mp4,FAKE,train
gwcszwubdj.mp4,FAKE,train
vqilaqgack.mp4,REAL,train
webtntciwo.mp4,REAL,train
hfhpcrajfb.mp4,FAKE,train
xhnicutnri.mp4,FAKE,train
jcyrzhtvdz.mp4,FAKE,train
yvlfhcdvyo.mp4,REAL,train
rmlhoogvza.mp4,FAKE,train
zycwasldje.mp4,REAL,train
asuexsbatl.mp4,REAL,train
wzsfnpjlbu.mp4,FAKE,train
uquyglwmax.mp4,FAKE,train
tgjpbxzknd.mp4,FAKE,train
jrjbjggsot.mp4,FAKE,train
kksxnjqsco.mp4,FAKE,train
tznpkoutag.mp4,FAKE,train
sanzhznfcb.mp4,FAKE,train
rsircfewji.mp4,FAKE,train
wjvsfurvix.mp4,REAL,train
vszkqbndtl.mp4,REAL,train
ddyipigvqe.mp4,FAKE,train
opldjbanfi.mp4,REAL,train
cqazhnkjrt.mp4,FAKE,train
tudzforvyd.mp4,FAKE,train
seujnkaucr.mp4,FAKE,train
zsxzeumppe.mp4,FAKE,train
hordcggzmi.mp4,FAKE,train
ucsllepjbe.mp4,FAKE,train
yevgpssfcz.mp4,FAKE,train
srhrarlmco.mp4,FAKE,train
vgvkaibqdc.mp4,FAKE,train
ryvqfrumgm.mp4,FAKE,train
prstbgokea.mp4,FAKE,train
qtofhzaozq.mp4,FAKE,train
napbeptbuv.mp4,REAL,train
natovdcxxq.mp4,FAKE,train
dwpntnsiab.mp4,FAKE,train
bkeshmxpen.mp4,FAKE,train
fpqqgjapqc.mp4,FAKE,train
htyitlyejv.mp4,FAKE,train
zedgrjpnzj.mp4,FAKE,train
idtrxsvbqs.mp4,REAL,train
qswxxakwhi.mp4,FAKE,train
gckhgltbqw.mp4,FAKE,train
fhhnrpwkki.mp4,FAKE,train
lkvclfhvpk.mp4,FAKE,train
qpynyxqpfq.mp4,REAL,train
obuhmomdhv.mp4,FAKE,train
tpteooakcd.mp4,FAKE,train
nyvzfszhew.mp4,FAKE,train
jnmvgqkrli.mp4,FAKE,train
vtvtmhfcys.mp4,FAKE,train
aqpqvoempp.mp4,FAKE,train
kavtwiaazn.mp4,FAKE,train
hkotcvuwyu.mp4,FAKE,train
pwpxmcsmqu.mp4,FAKE,train
puqtetnhue.mp4,FAKE,train
vlgovmbawb.mp4,FAKE,train
ajhwgcegtm.mp4,FAKE,train
bsdwnkwzya.mp4,FAKE,train
aovbctixqc.mp4,REAL,train
eptaiqegrr.mp4,FAKE,train
ccyfmsxuyc.mp4,REAL,train
kmoqmjgpqk.mp4,FAKE,train
hvljrxrybz.mp4,FAKE,train
ramhqgzlii.mp4,FAKE,train
qvuxyucdje.mp4,FAKE,train
hcgugahpaj.mp4,FAKE,train
svhmadwanz.mp4,FAKE,train
wbpekopuqu.mp4,FAKE,train
hnnhablrww.mp4,FAKE,train
sdcdorsejf.mp4,FAKE,train
nzbxykspbu.mp4,FAKE,train
xenyxslmwr.mp4,FAKE,train
feufaateyo.mp4,FAKE,train
opmtlqexfq.mp4,FAKE,train
swvegnbcfq.mp4,FAKE,train
lgtbokgqsj.mp4,FAKE,train
tbioczrwqj.mp4,FAKE,train
svcuacwiwg.mp4,FAKE,train
vduxnxtgoc.mp4,REAL,train
lpbyguydrt.mp4,REAL,train
txvodfpnmy.mp4,FAKE,train
rlgwlyllel.mp4,REAL,train
rexqwjibjt.mp4,FAKE,train
nhzzdenlxg.mp4,FAKE,train
dxmowzwvxr.mp4,FAKE,train
thtlpwgswn.mp4,FAKE,train
gnoxqfwkxb.mp4,FAKE,train
vjarwcfcop.mp4,FAKE,train
nookkyodde.mp4,FAKE,train
uqlyfsjwck.mp4,FAKE,train
cyfephdyrb.mp4,REAL,train
vcjhonlkys.mp4,FAKE,train
kvmiojraip.mp4,FAKE,train
norltdnjez.mp4,REAL,train
mbhtmxcyfq.mp4,REAL,train
bycbfeqofn.mp4,FAKE,train
zkfagiknuv.mp4,REAL,train
apdjhhsfnd.mp4,REAL,train
pmwdgdtnib.mp4,REAL,train
qoogcaveqk.mp4,FAKE,train
noyefhqexa.mp4,FAKE,train
xcgntbiwos.mp4,FAKE,train
qfltpvdsjf.mp4,FAKE,train
hktjkboajy.mp4,FAKE,train
dmouivbjkm.mp4,FAKE,train
ksjdmnkrwd.mp4,FAKE,train
ilmrykckie.mp4,REAL,train
obzxpuegvf.mp4,FAKE,train
lamzaegadx.mp4,FAKE,train
busutccrmc.mp4,FAKE,train
bcahujpzri.mp4,REAL,train
kyaejhghgm.mp4,REAL,train
buhyokzkfx.mp4,FAKE,train
rbcbeuonyg.mp4,FAKE,train
axxnwcxatg.mp4,FAKE,train
dctbsgvebr.mp4,FAKE,train
jbqfifmaka.mp4,FAKE,train
ujalswypnk.mp4,FAKE,train
waupxmdckc.mp4,FAKE,train
vtducodcmq.mp4,FAKE,train
idwlctaaov.mp4,REAL,train
hmxgriljqp.mp4,FAKE,train
fbcqbodjsl.mp4,FAKE,train
hqnoeymikr.mp4,REAL,train
twrhnxfzuo.mp4,FAKE,train
qiozqjvdij.mp4,FAKE,train
civwwkhjkh.mp4,REAL,train
bgvxznyhqg.mp4,FAKE,train
bjzqcztwlb.mp4,FAKE,train
iehacprdli.mp4,FAKE,train
raecimflzm.mp4,FAKE,train
hwmittznsy.mp4,FAKE,train
qhgyvzctxa.mp4,FAKE,train
jbkwryfipw.mp4,FAKE,train
ktcnctqrbr.mp4,FAKE,train
ssbjlmmeku.mp4,FAKE,train
lfayuxyqsb.mp4,FAKE,train
mqdqonxtin.mp4,FAKE,train
gvpoijxknl.mp4,REAL,train
erzrjdtlqv.mp4,FAKE,train
nchnxucaru.mp4,FAKE,train
fyrmkfymla.mp4,FAKE,train
cqxwlkmiel.mp4,REAL,train
gmyozlpfkh.mp4,REAL,train
wperoahege.mp4,FAKE,train
fktasshecy.mp4,FAKE,train
fyywteffui.mp4,FAKE,train
ozueigbuml.mp4,FAKE,train
wxumwgftzi.mp4,FAKE,train
yhupajgsnz.mp4,REAL,train
zzfgfcruta.mp4,FAKE,train
rwdhrtecfv.mp4,FAKE,train
qjufaenmzd.mp4,FAKE,train
sunzusmigx.mp4,FAKE,train
ezhnymmhht.mp4,FAKE,train
twquqdxkfz.mp4,FAKE,train
yhpetosozi.mp4,FAKE,train
lugxxugtal.mp4,FAKE,train
jbsucpzcug.mp4,FAKE,train
bhzkyouhao.mp4,FAKE,train
omvyiatilz.mp4,FAKE,train
kyuumoosro.mp4,FAKE,train
ghbbxgxefw.mp4,REAL,train
ipsplisdwh.mp4,FAKE,train
guuhedkomg.mp4,FAKE,train
kinoworanz.mp4,FAKE,train
jdcdwqqesr.mp4,FAKE,train
ctykzejpnp.mp4,FAKE,train
ljtdcrtzkh.mp4,FAKE,train
uyesaflvkt.mp4,FAKE,train
tbzbzhgrtm.mp4,FAKE,train
oombthpecq.mp4,FAKE,train
xlmadlrzen.mp4,FAKE,train
gskhaxrvap.mp4,FAKE,train
